decision_id,record_kind,review_priority,provisional,source_term_or_construction,chosen_rendering,occurrence_id,unit_id,semantic_unit_id,source_path,source_line_start,source_line_end,source_byte_start,source_byte_end_exclusive,source_excerpt,target_path,target_line_start,target_line_end,target_byte_start,target_byte_end_exclusive,target_excerpt,reader_status,reader_artifact,reader_assembled_pdf_page,reader_reason_or_provenance
GU-T001,terminology,low,false,set,ગણ,GU-T001-O001,OLP-0005,OLP-0005:B0005,upstream/content/sets-functions-relations/sets/basics.tex,12,12,202,267,"A \emph{set} is a collection of objects, considered {as} a single",gu/content/sets-functions-relations/sets/basics.tex,12,12,266,438,"\emph{ગણ} એટલે વસ્તુઓનો એવો સંગ્રહ, જેને {એક જ} વસ્તુ તરીકે ગણવામાં આવે.",available,gu-interpolation.pdf,12,SyncTeX forward query at build/interpolation-body.tex:8; target mapping method: exact assembled target line. Printed page was not inferred.
GU-T002,terminology,low,false,element,ઘટક,GU-T002-O001,OLP-0005,OLP-0005:B0005,upstream/content/sets-functions-relations/sets/basics.tex,14,14,336,402,"\emph{members} of the set. If $x$ is !!a{element} of a set~$A$, we",gu/content/sets-functions-relations/sets/basics.tex,10,10,174,264,\olsection{ઘટકો દ્વારા નિર્ધારિત સમાનતા},available,gu-interpolation.pdf,12,SyncTeX forward query at build/interpolation-body.tex:6; target mapping method: exact assembled target line. Printed page was not inferred.
GU-T003,terminology,high,true,extensionality,ઘટકો દ્વારા નિર્ધારિત સમાનતા,GU-T003-O001,OLP-0005,OLP-0005:B0004,upstream/content/sets-functions-relations/sets/basics.tex,10,10,174,200,\olsection{Extensionality},gu/content/sets-functions-relations/sets/basics.tex,10,10,174,264,\olsection{ઘટકો દ્વારા નિર્ધારિત સમાનતા},available,gu-interpolation.pdf,12,SyncTeX forward query at build/interpolation-body.tex:6; target mapping method: exact assembled target line. Printed page was not inferred.
GU-T004,terminology,low,false,subset,ઉપગણ,GU-T004-O001,OLP-0006,OLP-0006:B0006,upstream/content/sets-functions-relations/sets/subsets.tex,19,19,473,493,\begin{defn}[Subset],gu/content/sets-functions-relations/sets/subsets.tex,10,10,175,231,\olsection{ઉપગણો અને ઘાતગણો},available,gu-interpolation.pdf,13,SyncTeX forward query at build/interpolation-body.tex:99; target mapping method: exact assembled target line. Printed page was not inferred.
GU-T005,terminology,low,false,proper subset,ઉચિત ઉપગણ,GU-T005-O001,OLP-0006,OLP-0006:B0006,upstream/content/sets-functions-relations/sets/subsets.tex,24,24,761,803,that $A$ is a \emph{proper subset} of $B$.,gu/content/sets-functions-relations/sets/subsets.tex,23,23,1196,1284,અને કહીએ કે $A$ એ $B$નો \emph{ઉચિત ઉપગણ} છે.,available,gu-interpolation.pdf,13,SyncTeX forward query at build/interpolation-body.tex:112; target mapping method: exact assembled target line. Printed page was not inferred.
GU-T006,terminology,low,false,power set,ઘાતગણ,GU-T006-O001,OLP-0006,OLP-0006:B0015,upstream/content/sets-functions-relations/sets/subsets.tex,75,75,2807,2830,\begin{defn}[Power Set],gu/content/sets-functions-relations/sets/subsets.tex,10,10,175,231,\olsection{ઉપગણો અને ઘાતગણો},available,gu-interpolation.pdf,13,SyncTeX forward query at build/interpolation-body.tex:99; target mapping method: exact assembled target line. Printed page was not inferred.
GU-T007,terminology,low,false,union,યોગગણ,GU-T007-O001,OLP-0008,OLP-0008:B0005,upstream/content/sets-functions-relations/sets/unions-and-intersections.tex,20,20,719,789,"this as in \olref{fig:union}, where the highlighted area indicates the",gu/content/sets-functions-relations/sets/unions-and-intersections.tex,10,10,192,251,\olsection{યોગગણો અને છેદગણો},available,gu-interpolation.pdf,14,SyncTeX forward query at build/interpolation-body.tex:254; target mapping method: exact assembled target line. Printed page was not inferred.
GU-T008,terminology,low,false,intersection,છેદગણ,GU-T008-O001,OLP-0008,OLP-0008:B0013,upstream/content/sets-functions-relations/sets/unions-and-intersections.tex,62,62,2127,2199,"\emph{intersection}, and can be depicted as in \olref{fig:intersection}.",gu/content/sets-functions-relations/sets/unions-and-intersections.tex,10,10,192,251,\olsection{યોગગણો અને છેદગણો},available,gu-interpolation.pdf,14,SyncTeX forward query at build/interpolation-body.tex:254; target mapping method: exact assembled target line. Printed page was not inferred.
GU-T009,terminology,low,false,disjoint,અલગ ગણો,GU-T009-O001,OLP-0008,OLP-0008:B0014,upstream/content/sets-functions-relations/sets/unions-and-intersections.tex,77,77,2638,2698,Two sets are called \emph{disjoint} if their intersection is,gu/content/sets-functions-relations/sets/unions-and-intersections.tex,77,77,4329,4466,"જો બે ગણોનો છેદગણ ખાલી હોય, તો તેમને \emph{અલગ ગણો} કહે છે.",available,gu-interpolation.pdf,15,SyncTeX forward query at build/interpolation-body.tex:321; target mapping method: exact assembled target line. Printed page was not inferred.
GU-T010,terminology,low,false,difference,તફાવત ગણ,GU-T010-O001,OLP-0008,OLP-0008:B0026,upstream/content/sets-functions-relations/sets/unions-and-intersections.tex,153,153,5260,5326,which are not in~$B$. We can depict this as in \olref{difference}.,gu/content/sets-functions-relations/sets/unions-and-intersections.tex,157,157,8873,8969,  \caption{બે ગણોનો તફાવત ગણ $A \setminus B$ એ $A$ના એવા,available,gu-interpolation.pdf,17,SyncTeX forward query at build/interpolation-body.tex:401; target mapping method: exact assembled target line. Printed page was not inferred.
GU-T011,terminology,low,false,Cartesian product,કાર્તેઝીય ગુણાકાર,GU-T011-O001,OLP-0009,OLP-0009:B0011,upstream/content/sets-functions-relations/sets/pairs-and-products.tex,52,52,1881,1912,\begin{defn}[Cartesian product],gu/content/sets-functions-relations/sets/pairs-and-products.tex,10,10,186,287,"\olsection{જોડ, બહુજોડ અને કાર્તેઝીય ગુણાકાર}",available,gu-interpolation.pdf,17,SyncTeX forward query at build/interpolation-body.tex:422; target mapping method: exact assembled target line. Printed page was not inferred.
GU-T012,terminology,low,false,ordered pair,ક્રમયુક્ત જોડ,GU-T012-O001,OLP-0009,OLP-0009:B0005,upstream/content/sets-functions-relations/sets/pairs-and-products.tex,16,16,449,518,"not matter: $\{x, y\} = \{y, x\}$. In an ordered pair, it does: if $x",gu/content/sets-functions-relations/sets/pairs-and-products.tex,14,14,484,652,કોઈ ક્રમ હોતો નથી. તેથી ક્રમ દર્શાવવા માટે આપણે \emph{ક્રમયુક્ત જોડ},available,gu-interpolation.pdf,17,SyncTeX forward query at build/interpolation-body.tex:426; target mapping method: exact assembled target line. Printed page was not inferred.
GU-T013,terminology,high,true,perfect number,પૂર્ણ સંખ્યા,GU-T013-O001,OLP-0005,OLP-0005:B0012,upstream/content/sets-functions-relations/sets/basics.tex,73,73,2555,2577,\begin{tagblock}{math},gu/content/sets-functions-relations/sets/basics.tex,71,71,5169,5340,કોઈ સંખ્યાને \emph{પૂર્ણ સંખ્યા} ત્યારે અને ત્યારે જ કહે છે જ્યારે તે,available,gu-interpolation.pdf,12,SyncTeX forward query at build/interpolation-body.tex:67; target mapping method: exact assembled target line. Printed page was not inferred.
GU-T014,terminology,high,true,string,પ્રતીકશ્રેણી,GU-T014-O001,OLP-0007,OLP-0007:B0008,upstream/content/sets-functions-relations/sets/important-sets.tex,49,49,1931,1997,is a string over $A$. We include the \emph{empty string $\Lambda$},gu/content/sets-functions-relations/sets/important-sets.tex,43,43,3010,3061,\begin{ex}[પ્રતીકશ્રેણીઓ],available,gu-interpolation.pdf,14,SyncTeX forward query at build/interpolation-body.tex:227; target mapping method: exact assembled target line. Printed page was not inferred.
GU-T015,terminology,high,true,sequence,અનુક્રમ,GU-T015-O001,OLP-0007,OLP-0007:B0008,upstream/content/sets-functions-relations/sets/important-sets.tex,48,48,1861,1930,strings} over an alphabet $A$: any finite sequence of elements of~$A$,gu/content/sets-functions-relations/sets/important-sets.tex,45,45,3202,3352,પ્રતીકશ્રેણીઓ}નો ગણ $A^{*}$ છે: $A$ના ઘટકોનો કોઈ પણ સાંત અનુક્રમ,available,gu-interpolation.pdf,14,SyncTeX forward query at build/interpolation-body.tex:229; target mapping method: exact assembled target line. Printed page was not inferred.
GU-T016,terminology,high,true,tuple,બહુજોડ / ક્રમયુક્ત n-જોડ,GU-T016-O001,OLP-0009,OLP-0009:B0005,upstream/content/sets-functions-relations/sets/pairs-and-products.tex,15,15,378,448,"pairs} $\tuple{x, y}$. In an unordered pair $\{x, y\}$, the order does",gu/content/sets-functions-relations/sets/pairs-and-products.tex,10,10,186,287,"\olsection{જોડ, બહુજોડ અને કાર્તેઝીય ગુણાકાર}",available,gu-interpolation.pdf,17,SyncTeX forward query at build/interpolation-body.tex:422; target mapping method: exact assembled target line. Printed page was not inferred.
GU-T017,terminology,high,true,continuum,સાતત્યક,GU-T017-O001,OLP-0007,OLP-0007:B0005,upstream/content/sets-functions-relations/sets/important-sets.tex,24,24,759,809,    \text{the set of real numbers (the continuum)},gu/content/sets-functions-relations/sets/important-sets.tex,23,23,1082,1176,    \text{વાસ્તવિક સંખ્યાઓનો ગણ (સાતત્યક)},available,gu-interpolation.pdf,13,SyncTeX forward query at build/interpolation-body.tex:207; target mapping method: exact assembled target line. Printed page was not inferred.
GU-T018,terminology,high,true,comprehension,ગુણધર્મ વડે ગણરચના,GU-T018-O001,OLP-0010,OLP-0010:B0006,upstream/content/sets-functions-relations/sets/russells-paradox.tex,22,22,688,754,"lends itself to \emph{comprehension}. That is, some  properties do",gu/content/sets-functions-relations/sets/russells-paradox.tex,21,21,1164,1303,"પરંતુ આ શરત મહત્ત્વની છે!{} ખાસ કરીને, દરેક ગુણધર્મ વડે",available,gu-interpolation.pdf,18,SyncTeX forward query at build/interpolation-body.tex:558; target mapping method: exact assembled target line. Printed page was not inferred.
GU-T019,terminology,low,false,paradox,વિરોધાભાસ,GU-T019-O001,OLP-0010,OLP-0010:B0004,upstream/content/sets-functions-relations/sets/russells-paradox.tex,11,11,185,214,\olsection{Russell's Paradox},gu/content/sets-functions-relations/sets/russells-paradox.tex,11,11,185,243,\olsection{રસેલનો વિરોધાભાસ},available,gu-interpolation.pdf,18,SyncTeX forward query at build/interpolation-body.tex:548; target mapping method: exact assembled target line. Printed page was not inferred.
GU-T020,terminology,low,false,relation,સંબંધ,GU-T020-O001,OLP-0011,OLP-0011:B0004,upstream/content/sets-functions-relations/relations/relations-complete.tex,8,8,145,176,\olchapter{sfr}{rel}{Relations},gu/content/sets-functions-relations/relations/relations-complete.tex,8,8,145,185,\olchapter{sfr}{rel}{સંબંધો},available,gu-interpolation.pdf,19,SyncTeX forward query at build/interpolation-body.tex:632; target mapping method: unique transformed Gujarati driver title. Printed page was not inferred.
GU-T021,terminology,low,false,domain,પ્રદેશ,GU-T021-O001,OLP-0014,OLP-0014:B0005,upstream/content/sets-functions-relations/relations/special-properties.tex,15,15,389,451,"their respective domains (say, $\Nat$ in the case of~$\le$ and",gu/content/sets-functions-relations/relations/special-properties.tex,15,15,561,674,પોતપોતાના પ્રદેશો પર (માનો કે $\le$ માટે $\Nat$ અને,available,gu-interpolation.pdf,21,SyncTeX forward query at build/interpolation-body.tex:844; target mapping method: exact assembled target line. Printed page was not inferred.
GU-T022,terminology,low,false,reflexive,સ્વવાચક,GU-T022-O001,OLP-0012,OLP-0012:B0010,upstream/content/sets-functions-relations/relations/relations-as-sets.tex,104,104,4383,4450,"Relations with this property are called \emph{irreflexive}, and, if",gu/content/sets-functions-relations/relations/relations-as-sets.tex,109,109,7689,7811,"આ ગુણધર્મવાળા સંબંધોને \emph{અસ્વવાચક} કહે છે અને,",available,gu-interpolation.pdf,20,SyncTeX forward query at build/interpolation-body.tex:736; target mapping method: exact assembled target line. Printed page was not inferred.
GU-T023,terminology,low,false,symmetric,સંમિત,GU-T023-O001,OLP-0014,OLP-0014:B0008,upstream/content/sets-functions-relations/relations/special-properties.tex,34,34,1084,1146,"A relation~$R \subseteq A^2$ is \emph{symmetric} iff, whenever",gu/content/sets-functions-relations/relations/special-properties.tex,33,33,1878,1913,\begin{defn}[સંમિતતા],available,gu-interpolation.pdf,21,SyncTeX forward query at build/interpolation-body.tex:862; target mapping method: exact assembled target line. Printed page was not inferred.
GU-T024,terminology,low,false,transitive,પરંપરિત,GU-T024-O001,OLP-0014,OLP-0014:B0007,upstream/content/sets-functions-relations/relations/special-properties.tex,29,29,951,1020,"A relation $R \subseteq A^2$ is \emph{transitive} iff, whenever $Rxy$",gu/content/sets-functions-relations/relations/special-properties.tex,28,28,1640,1681,\begin{defn}[પરંપરિતતા],available,gu-interpolation.pdf,21,SyncTeX forward query at build/interpolation-body.tex:857; target mapping method: exact assembled target line. Printed page was not inferred.
GU-T025,terminology,low,false,antisymmetric,વિસંમિત,GU-T025-O001,OLP-0014,OLP-0014:B0009,upstream/content/sets-functions-relations/relations/special-properties.tex,38,38,1183,1210,\begin{defn}[Anti-symmetry],gu/content/sets-functions-relations/relations/special-properties.tex,38,38,2088,2129,\begin{defn}[વિસંમિતતા],available,gu-interpolation.pdf,21,SyncTeX forward query at build/interpolation-body.tex:867; target mapping method: exact assembled target line. Printed page was not inferred.
GU-T026,terminology,low,false,equivalence relation/class,સામ્ય સંબંધ / સામ્ય વર્ગ,GU-T026-O001,OLP-0014,OLP-0014:B0005,upstream/content/sets-functions-relations/relations/special-properties.tex,20,20,720,790,properties are especially important: orders and equivalence relations.,gu/content/sets-functions-relations/relations/special-properties.tex,20,20,1256,1426,(અથવા તેમના સંયોજનો) ખાસ મહત્વના નીવડે છે: ક્રમો અને સામ્ય સંબંધો.,available,gu-interpolation.pdf,21,SyncTeX forward query at build/interpolation-body.tex:849; target mapping method: exact assembled target line. Printed page was not inferred.
GU-T027,terminology,high,true,irreflexive,અસ્વવાચક,GU-T027-O001,OLP-0012,OLP-0012:B0010,upstream/content/sets-functions-relations/relations/relations-as-sets.tex,104,104,4383,4450,"Relations with this property are called \emph{irreflexive}, and, if",gu/content/sets-functions-relations/relations/relations-as-sets.tex,109,109,7689,7811,"આ ગુણધર્મવાળા સંબંધોને \emph{અસ્વવાચક} કહે છે અને,",available,gu-interpolation.pdf,20,SyncTeX forward query at build/interpolation-body.tex:736; target mapping method: exact assembled target line. Printed page was not inferred.
GU-T028,terminology,high,true,asymmetric,અસંમિત,GU-T028-O001,OLP-0014,OLP-0014:B0014,upstream/content/sets-functions-relations/relations/special-properties.tex,75,75,2646,2725,"A relation $R \subseteq A^2$ is called \emph{asymmetric} if for no pair $x,y\in",gu/content/sets-functions-relations/relations/special-properties.tex,77,77,4877,4915,\begin{defn}[અસંમિતતા],available,gu-interpolation.pdf,22,SyncTeX forward query at build/interpolation-body.tex:906; target mapping method: exact assembled target line. Printed page was not inferred.
GU-T029,terminology,high,true,connected relation,તુલનાયુક્ત સંબંધ,GU-T029-O001,OLP-0047,OLP-0047:B0015,upstream/content/sets-functions-relations/arithmetization/checking-details.tex,101,101,4383,4441,But our task is not over. As well as defining addition and,gu/content/sets-functions-relations/arithmetization/checking-details.tex,107,107,7461,7631,"	સ્વવાચક, પરંપરિત, વિસંમિત અને તુલનાયુક્ત સંબંધ છે. ક્રમસંબંધોના",available,gu-interpolation.pdf,61,SyncTeX forward query at build/interpolation-body.tex:4614; target mapping method: exact assembled target line. Printed page was not inferred.
GU-T030,terminology,high,true,order/preorder/partial/linear/strict,ક્રમ / પૂર્વક્રમ / આંશિક ક્રમ / રેખીય ક્રમ / કડક ક્રમ,GU-T030-O001,OLP-0005,OLP-0005:B0006,upstream/content/sets-functions-relations/sets/basics.tex,21,21,622,687,"\emph{order} its !!{element}s, or indeed how \emph{many times} we",gu/content/sets-functions-relations/sets/basics.tex,20,20,1083,1220,"કયા \emph{ક્રમમાં} મૂકીએ છીએ, કે તેના !!{element}sને \emph{કેટલી વાર}",available,gu-interpolation.pdf,12,SyncTeX forward query at build/interpolation-body.tex:16; target mapping method: unique exact-line Gujarati-token intersection. Printed page was not inferred.
GU-T031,terminology,high,true,predicate,વિધેય,GU-T031-O001,OLP-0013,OLP-0013:B0007,upstream/content/sets-functions-relations/relations/reflections.tex,60,60,3000,3069,a predicate. But if we think that ``$\in$'' stands for a certain kind,gu/content/sets-functions-relations/relations/reflections.tex,64,64,5783,5892,"આ બરાબર છે, જો સભ્યપદના સંબંધ “$\in$”ને વિધેય",available,gu-interpolation.pdf,21,SyncTeX forward query at build/interpolation-body.tex:815; target mapping method: exact assembled target line. Printed page was not inferred.
GU-T032,terminology,high,true,identity relation,તાદાત્મ્ય સંબંધ,GU-T032-O001,OLP-0012,OLP-0012:B0010,upstream/content/sets-functions-relations/relations/relations-as-sets.tex,83,83,3359,3421,is the \emph{identity relation on}~$\Nat$. (Since the identity,gu/content/sets-functions-relations/relations/relations-as-sets.tex,86,86,5817,5944,એ $\Nat$ \emph{પરનો તાદાત્મ્ય સંબંધ} છે. (તાદાત્મ્ય સંબંધ,available,gu-interpolation.pdf,20,SyncTeX forward query at build/interpolation-body.tex:713; target mapping method: exact assembled target line. Printed page was not inferred.
GU-T033,terminology,high,true,quotient set,ભાગફળ ગણ,GU-T033-O001,OLP-0015,OLP-0015:B0009,upstream/content/sets-functions-relations/relations/equivalence-relations.tex,31,31,1021,1063,\begin{defn}\ollabel{def:equivalenceclass},gu/content/sets-functions-relations/relations/equivalence-relations.tex,33,33,1932,1998,$R$ અનુસાર $A$નો \emph{ભાગફળ ગણ} એ,available,gu-interpolation.pdf,22,SyncTeX forward query at build/interpolation-body.tex:944; target mapping method: exact assembled target line. Printed page was not inferred.
GU-T034,terminology,low,false,partition,વર્ગ વિભાજન,GU-T034-O001,OLP-0015,OLP-0015:B0008,upstream/content/sets-functions-relations/relations/equivalence-relations.tex,25,25,750,814,"different partitions. Within each partition, all the objects are",gu/content/sets-functions-relations/relations/equivalence-relations.tex,38,38,2145,2294,"સામ્ય વર્ગો ખરેખર $A$નું વર્ગ વિભાજન કરે છે તે સાબિત કરીને,",available,gu-interpolation.pdf,22,SyncTeX forward query at build/interpolation-body.tex:949; target mapping method: exact assembled target line. Printed page was not inferred.
GU-T035,terminology,high,true,binary relation,દ્વિઘટકી સંબંધ,GU-T035-O001,OLP-0012,OLP-0012:B0009,upstream/content/sets-functions-relations/relations/relations-as-sets.tex,55,55,2353,2383,\begin{defn}[Binary relation] ,gu/content/sets-functions-relations/relations/relations-as-sets.tex,57,57,4362,4416,\begin{defn}[દ્વિઘટકી સંબંધ],available,gu-interpolation.pdf,20,SyncTeX forward query at build/interpolation-body.tex:684; target mapping method: exact assembled target line. Printed page was not inferred.
GU-T036,terminology,high,true,"graph, vertex, edge","આલેખ, શિરોબિંદુ, ધાર",GU-T036-O001,OLP-0017,OLP-0017:B0005,upstream/content/sets-functions-relations/relations/graphs.tex,12,12,199,264,A \emph{graph} is a diagram in which points---called ``nodes'' or,gu/content/sets-functions-relations/relations/graphs.tex,10,10,179,206,\olsection{આલેખો},available,gu-interpolation.pdf,24,SyncTeX forward query at build/interpolation-body.tex:1173; target mapping method: exact assembled target line. Printed page was not inferred.
GU-T037,terminology,high,true,tree/root/branch,વૃક્ષ / મૂળ / શાખા,GU-T037-O001,OLP-0018,OLP-0018:B0005,upstream/content/sets-functions-relations/relations/trees.tex,13,13,265,334,all parts of logic is a \emph{tree}. Finite trees occur in elementary,gu/content/sets-functions-relations/relations/trees.tex,10,10,178,208,\olsection{વૃક્ષો},available,gu-interpolation.pdf,25,SyncTeX forward query at build/interpolation-body.tex:1247; target mapping method: exact assembled target line. Printed page was not inferred.
GU-T038,terminology,high,true,well-ordered / least / maximal chain,સુક્રમિત / લઘુતમ / સમાવેશની દૃષ્ટિએ મહત્તમ શૃંખલા,GU-T038-O001,OLP-0018,OLP-0018:B0009,upstream/content/sets-functions-relations/relations/trees.tex,46,46,1627,1696,that~$x \le y$. A set is \emph{well-ordered} by~$\le$ if every one of,gu/content/sets-functions-relations/relations/trees.tex,50,50,3004,3101,ગણ $\le$ વડે \emph{સુક્રમિત} હોય જો તેના દરેક,available,gu-interpolation.pdf,25,SyncTeX forward query at build/interpolation-body.tex:1287; target mapping method: exact assembled target line. Printed page was not inferred.
GU-T039,terminology,high,true,successor/predecessor,અનુગામી / પુરોગામી,GU-T039-O001,OLP-0018,OLP-0018:B0011,upstream/content/sets-functions-relations/relations/trees.tex,59,59,2150,2213,"$x < z < y$, then we say that $y$ is a \emph{successor} of~$x$.",gu/content/sets-functions-relations/relations/trees.tex,61,61,3659,3697,\begin{defn}[અનુગામીઓ],available,gu-interpolation.pdf,26,SyncTeX forward query at build/interpolation-body.tex:1298; target mapping method: exact assembled target line. Printed page was not inferred.
GU-T040,terminology,high,true,"inverse, restriction, relative product, transitive closure",વ્યસ્ત / મર્યાદન / સાપેક્ષ ગુણાકાર / પરંપરિત સંવરણ,GU-T040-O001,OLP-0019,OLP-0019:B0007,upstream/content/sets-functions-relations/relations/operations.tex,22,22,697,767,"The \emph{inverse} of $R$ is $R^{-1} = \Setabs{\tuple{y, x}}{\tuple{x,",gu/content/sets-functions-relations/relations/operations.tex,23,23,1234,1273,$R$નો \emph{વ્યસ્ત} એ,available,gu-interpolation.pdf,26,SyncTeX forward query at build/interpolation-body.tex:1397; target mapping method: exact assembled target line. Printed page was not inferred.
GU-T041,terminology,high,true,"computability, formula, derivation, completeness",સંગણનીયતા / સૂત્ર / નિષ્પત્તિ / પૂર્ણતા,GU-T041-O001,OLP-0018,OLP-0018:B0020,upstream/content/sets-functions-relations/relations/trees.tex,126,126,4895,4959,A special case of K\H{o}nig's lemma widely used in computability,gu/content/sets-functions-relations/relations/trees.tex,138,138,8914,9066,સંગણનીયતાના સિદ્ધાંતમાં વ્યાપકપણે વપરાતો કેનિગના સહાયક,available,gu-interpolation.pdf,26,SyncTeX forward query at build/interpolation-body.tex:1375; target mapping method: exact assembled target line. Printed page was not inferred.
GU-T042,terminology,low,false,function / domain / codomain / range,વિધેય / પ્રદેશ / સહપ્રદેશ / વિસ્તાર,GU-T042-O001,OLP-0013,OLP-0013:B0007,upstream/content/sets-functions-relations/relations/reflections.tex,57,57,2788,2858,"Third: when we ``identify'' relations with sets, we said that we would",gu/content/sets-functions-relations/relations/reflections.tex,64,64,5783,5892,"આ બરાબર છે, જો સભ્યપદના સંબંધ “$\in$”ને વિધેય",available,gu-interpolation.pdf,21,SyncTeX forward query at build/interpolation-body.tex:815; target mapping method: exact assembled target line. Printed page was not inferred.
GU-T043,terminology,low,false,injective / injection,એક-એક / એક-એક વિધેય,GU-T043-O001,OLP-0022,OLP-0022:B0011,upstream/content/sets-functions-relations/functions/function-kinds.tex,54,54,1754,1823,"outputs. Such functions are called !!{injective}, and can be pictured",gu/content/sets-functions-relations/functions/function-kinds.tex,109,109,5241,5346,!!^{bijection}sને ક્યારેક \emph{પરસ્પર એક-એક સંગતતાઓ},available,gu-interpolation.pdf,30,SyncTeX forward query at build/interpolation-body.tex:1704; target mapping method: unique exact-line Gujarati-token intersection. Printed page was not inferred.
GU-T044,terminology,low,false,surjective / surjection,વ્યાપ્ત / વ્યાપ્ત વિધેય,GU-T044-O001,OLP-0034,OLP-0034:B0008,upstream/content/sets-functions-relations/size-of-sets/reduction.tex,38,38,1564,1624,"enumerate~$B$.  In our case, we are looking for a surjective",gu/content/sets-functions-relations/size-of-sets/reduction.tex,39,39,2793,2884,આપણા કિસ્સામાં આપણે વ્યાપ્ત વિધેય,available,gu-interpolation.pdf,44,SyncTeX forward query at build/interpolation-body.tex:3182; target mapping method: exact assembled target line. Printed page was not inferred.
GU-T045,terminology,low,false,bijective / bijection,એક-એક અને વ્યાપ્ત / એક-એક વ્યાપ્ત વિધેય,GU-T045-O001,OLP-0038,OLP-0038:B0009,upstream/content/sets-functions-relations/size-of-sets/enumerability-alt.tex,40,40,1421,1488,An \emph{enumeration} of a set $A$ is !!a{bijection} whose range is,gu/content/sets-functions-relations/size-of-sets/enumerability-alt.tex,39,39,2691,2810,ગણ $A$ની \emph{પરિગણના} એ એવું !!a{bijection} છે જેનો વિસ્તાર,available,gu-interpolation.pdf,49,SyncTeX forward query at build/interpolation-body.tex:3627; target mapping method: unique exact-line Gujarati-token intersection. Printed page was not inferred.
GU-T046,terminology,high,true,composition,સંયોજન,GU-T046-O001,OLP-0014,OLP-0014:B0005,upstream/content/sets-functions-relations/relations/special-properties.tex,12,12,236,249,\begin{intro},gu/content/sets-functions-relations/relations/special-properties.tex,20,20,1256,1426,(અથવા તેમના સંયોજનો) ખાસ મહત્વના નીવડે છે: ક્રમો અને સામ્ય સંબંધો.,available,gu-interpolation.pdf,21,SyncTeX forward query at build/interpolation-body.tex:849; target mapping method: exact assembled target line. Printed page was not inferred.
GU-T047,terminology,low,false,inverse function / left inverse / right inverse,પ્રતિવિધેય / ડાબી બાજુનો વ્યસ્ત / જમણી બાજુનો વ્યસ્ત,GU-T047-O001,OLP-0024,OLP-0024:B0011,upstream/content/sets-functions-relations/functions/inverses.tex,57,57,2247,2309,"called a \emph{left inverse} of~$f$. Secondly, when is there a",gu/content/sets-functions-relations/functions/inverses.tex,10,10,181,254,\olsection{વિધેયોનાં પ્રતિવિધેયો},available,gu-interpolation.pdf,31,SyncTeX forward query at build/interpolation-body.tex:1841; target mapping method: exact assembled target line. Printed page was not inferred.
GU-T048,terminology,low,false,identity function,તદેવ વિધેય,GU-T048-O001,OLP-0022,OLP-0022:B0015,upstream/content/sets-functions-relations/functions/function-kinds.tex,80,80,2609,2677,The identity function $f\colon \Nat \to \Nat$ given by $f(x) = x$ is,gu/content/sets-functions-relations/functions/function-kinds.tex,85,85,4161,4238,$f(x) = x$ દ્વારા આપેલું તદેવ વિધેય,available,gu-interpolation.pdf,30,SyncTeX forward query at build/interpolation-body.tex:1680; target mapping method: exact assembled target line. Printed page was not inferred.
GU-T049,terminology,high,true,partial function / total function / defined / undefined,આંશિક વિધેય / સર્વત્ર વ્યાખ્યાયિત વિધેય / વ્યાખ્યાયિત / અવ્યાખ્યાયિત,GU-T049-O001,OLP-0026,OLP-0026:B0007,upstream/content/sets-functions-relations/functions/partial-functions.tex,21,21,472,536,A \emph{partial function} $f \colon A \pto B$ is a mapping which,gu/content/sets-functions-relations/functions/partial-functions.tex,11,11,191,237,\olsection{આંશિક વિધેયો},available,gu-interpolation.pdf,34,SyncTeX forward query at build/interpolation-body.tex:2126; target mapping method: exact assembled target line. Printed page was not inferred.
GU-T050,terminology,high,true,argument / value / input / output,દલીલ / કિંમત / આગત / નિર્ગત,GU-T050-O001,OLP-0013,OLP-0013:B0005,upstream/content/sets-functions-relations/relations/reflections.tex,37,37,1659,1729,matter of fact. (This is a very simple instance of an argument against,gu/content/sets-functions-relations/relations/reflections.tex,40,40,3121,3273,"ઘટાડી શકાય એવા મત વિરુદ્ધની દલીલનો એક અત્યંત સરળ દાખલો છે,",available,gu-interpolation.pdf,21,SyncTeX forward query at build/interpolation-body.tex:791; target mapping method: exact assembled target line. Printed page was not inferred.
GU-T051,terminology,high,true,serial relation,સર્વાગત સંબંધ,GU-T051-O001,OLP-0026,OLP-0026:B0012,upstream/content/sets-functions-relations/functions/partial-functions.tex,63,63,2170,2240,"\emph{serial}, i.e., for each $x \in A$ there is a $y \in B$ such that",gu/content/sets-functions-relations/functions/partial-functions.tex,72,72,3751,3851,"જો $R$ \emph{સર્વાગત} પણ હોય, એટલે કે દરેક $x \in A$",available,gu-interpolation.pdf,35,SyncTeX forward query at build/interpolation-body.tex:2187; target mapping method: exact assembled target line. Printed page was not inferred.
GU-T052,terminology,high,true,enumeration,પરિગણના,GU-T052-O001,OLP-0027,OLP-0027:B0005,upstream/content/sets-functions-relations/size-of-sets/size-of-sets-complete.tex,11,11,206,275,"This chapter discusses enumerations, countability and uncountability.",gu/content/sets-functions-relations/size-of-sets/size-of-sets-complete.tex,11,11,215,357,"આ પ્રકરણ પરિગણના, ગણનીયતા અને અગણનીયતાની ચર્ચા કરે છે.",pending,,,No unique deterministic target-to-assembled-body line and SyncTeX page were both established; the page is deliberately not guessed.
GU-T053,terminology,high,true,enumerable/countable; uncountable,ગણનીય; અગણનીય,GU-T053-O001,OLP-0018,OLP-0018:B0020,upstream/content/sets-functions-relations/relations/trees.tex,126,126,4895,4959,A special case of K\H{o}nig's lemma widely used in computability,gu/content/sets-functions-relations/relations/trees.tex,138,138,8914,9066,સંગણનીયતાના સિદ્ધાંતમાં વ્યાપકપણે વપરાતો કેનિગના સહાયક,available,gu-interpolation.pdf,26,SyncTeX forward query at build/interpolation-body.tex:1375; target mapping method: exact assembled target line. Printed page was not inferred.
GU-T054,terminology,low,false,equinumerous sets,સામ્ય ગણો,GU-T054-O001,OLP-0035,OLP-0035:B0007,upstream/content/sets-functions-relations/size-of-sets/equinumerous-sets.tex,29,29,1023,1058,\begin{defn}\ollabel{comparisondef},gu/content/sets-functions-relations/size-of-sets/equinumerous-sets.tex,28,28,1945,2042,"  $A$ અને $B$ \emph{સામ્ય ગણો} છે, જે $\cardeq{A}{B}$ લખીએ,",available,gu-interpolation.pdf,46,SyncTeX forward query at build/interpolation-body.tex:3314; target mapping method: exact assembled target line. Printed page was not inferred.
GU-T055,terminology,high,true,cardinality / size,ગણાંક / કદ,GU-T055-O001,OLP-0027,OLP-0027:B0004,upstream/content/sets-functions-relations/size-of-sets/size-of-sets-complete.tex,8,8,148,186,\olchapter{sfr}{siz}{The Size of Sets},gu/content/sets-functions-relations/size-of-sets/size-of-sets-complete.tex,8,8,148,195,\olchapter{sfr}{siz}{ગણોનું કદ},available,gu-interpolation.pdf,35,SyncTeX forward query at build/interpolation-body.tex:2203; target mapping method: unique transformed Gujarati driver title. Printed page was not inferred.
GU-T056,terminology,low,false,finite / infinite,સાન્ત / અનંત,GU-T056-O001,OLP-0024,OLP-0024:B0016,upstream/content/sets-functions-relations/functions/inverses.tex,109,109,4464,4562,"However, in many specific cases, e.g., when $A = \Nat$ or is finite, or when $f$ is !!{bijective},",gu/content/sets-functions-relations/functions/inverses.tex,142,142,9267,9356,"હોય કે સાન્ત હોય, અથવા $f$ એ !!{bijective} હોય,",available,gu-interpolation.pdf,33,SyncTeX forward query at build/interpolation-body.tex:1973; target mapping method: unique exact-line Gujarati-token intersection. Printed page was not inferred.
GU-T057,terminology,high,true,ceiling function,ઊર્ધ્વ પૂર્ણાંક વિધેય,GU-T057-O001,OLP-0040,OLP-0040:B0017,upstream/content/sets-functions-relations/size-of-sets/enumerability-alt.tex,100,100,3519,3589,"Let $\lceil x \rceil$ be the \emph{ceiling} function, which rounds $x$",gu/content/sets-functions-relations/size-of-sets/enumerability-alt.tex,98,98,6240,6356,"$\lceil x \rceil$ એ \emph{ઊર્ધ્વ પૂર્ણાંક} વિધેય હોય, જે $x$ને",available,gu-interpolation.pdf,50,SyncTeX forward query at build/interpolation-body.tex:3686; target mapping method: exact assembled target line. Printed page was not inferred.
GU-T058,terminology,high,true,recursive definition / induction / initial segment,પુનરાવર્તી વ્યાખ્યા / અનુમાનપ્રવર્તન / આરંભખંડ,GU-T058-O001,OLP-0009,OLP-0009:B0013,upstream/content/sets-functions-relations/sets/pairs-and-products.tex,72,72,2499,2541,so on. We can give a recursive definition:,gu/content/sets-functions-relations/sets/pairs-and-products.tex,74,74,4712,4835,"$A^3$ છે, વગેરે. આપણે પુનરાવર્તી વ્યાખ્યા આપી શકીએ:",available,gu-interpolation.pdf,17,SyncTeX forward query at build/interpolation-body.tex:486; target mapping method: exact assembled target line. Printed page was not inferred.
GU-T059,terminology,high,true,diagonalization / zig-zag / pairing function,વિકર્ણ પદ્ધતિ / આડીઅવળી રીત / જોડ-નિરૂપણ વિધેય,GU-T059-O001,OLP-0033,OLP-0033:B0020,upstream/content/sets-functions-relations/size-of-sets/non-enumerability.tex,140,140,6166,6233,This proof method is called ``diagonalization'' because it uses the,gu/content/sets-functions-relations/size-of-sets/non-enumerability.tex,40,40,2861,2978,\emph{વિકર્ણ પદ્ધતિ}થી આ કરી શકીએ. $A$ના !!{element}sની કોઈ,available,gu-interpolation.pdf,42,SyncTeX forward query at build/interpolation-body.tex:2973; target mapping method: unique exact-line Gujarati-token intersection. Printed page was not inferred.
GU-T060,terminology,low,false,mathematical induction,ગાણિતિક અનુમાન,GU-T060-O001,OLP-0009,OLP-0009:B0018,upstream/content/sets-functions-relations/sets/pairs-and-products.tex,110,110,3768,3780,\begin{prob},gu/content/sets-functions-relations/sets/pairs-and-products.tex,114,114,6510,6643,"$k$ પર ગાણિતિક અનુમાન વાપરીને બતાવો કે દરેક $k \ge 1$ માટે,",available,gu-interpolation.pdf,18,SyncTeX forward query at build/interpolation-body.tex:526; target mapping method: exact assembled target line. Printed page was not inferred.
GU-T061,terminology,low,false,truth-functional / truth table,સત્યતાફલનલક્ષી / સત્યાર્થતા સારણી,GU-T061-O001,OLP-0055,OLP-0055:B0006,upstream/content/propositional-logic/propositional-logic.tex,22,22,800,832,  truth-functional completeness.,gu/content/propositional-logic/propositional-logic.tex,18,18,1303,1479,  આ ભાગને આગળ વધારીને વધુ વિગત ઉમેરવાની અને સત્યતાફલનલક્ષી પૂર્ણતા,not_applicable,,,This occurrence is in a translated driver editorial that the cumulative reader intentionally omits; there is no assembled reader page for it.
GU-T062,terminology,high,true,encode / decode / code,સંકેતબદ્ધ કરવું / સંકેત ઉકેલવો / સંકેતસંખ્યા,GU-T062-O001,OLP-0032,OLP-0032:B0010,upstream/content/sets-functions-relations/size-of-sets/pairing-alt.tex,106,106,4439,4449,\begin{ex},gu/content/sets-functions-relations/size-of-sets/pairing-alt.tex,119,119,6716,6847,સંકેતબદ્ધ કરવું પૂરતું હોય છે; સંકેતન વ્યાપ્ત હોય,available,gu-interpolation.pdf,42,SyncTeX forward query at build/interpolation-body.tex:2927; target mapping method: exact assembled target line. Printed page was not inferred.
GU-T063,terminology,high,true,cofinite,સહસાન્ત,GU-T063-O001,OLP-0031,OLP-0031:B0015,upstream/content/sets-functions-relations/size-of-sets/pairing.tex,92,92,3220,3282,A subset of $\Nat$ is said to be \emph{cofinite} iff it is the,gu/content/sets-functions-relations/size-of-sets/pairing.tex,101,101,5844,5950,$\Nat$નો ઉપગણ \emph{સહસાન્ત} કહેવાય જો અને માત્ર,available,gu-interpolation.pdf,40,SyncTeX forward query at build/interpolation-body.tex:2784; target mapping method: exact assembled target line. Printed page was not inferred.
GU-T064,terminology,high,true,array / row / column / triangular number,સરણિ / હાર / સ્તંભ / ત્રિકોણીય સંખ્યા,GU-T064-O001,OLP-0030,OLP-0030:B0006,upstream/content/sets-functions-relations/size-of-sets/zig-zag.tex,39,39,1248,1318,the $n$th row and $m$th column. But how do we organize the elements of,gu/content/sets-functions-relations/size-of-sets/zig-zag.tex,22,22,827,962,આ ક્રમયુક્ત જોડોને નીચે મુજબ \emph{સરણિ}માં ગોઠવી શકીએ:,available,gu-interpolation.pdf,38,SyncTeX forward query at build/interpolation-body.tex:2576; target mapping method: exact assembled target line. Printed page was not inferred.
GU-T065,terminology,high,true,reduction / reduce one problem to another,ન્યૂનીકરણ / એક સમસ્યાનું બીજી સમસ્યામાં ન્યૂનીકરણ કરવું,GU-T065-O001,OLP-0034,OLP-0034:B0005,upstream/content/sets-functions-relations/size-of-sets/reduction.tex,11,11,177,198,\olsection{Reduction},gu/content/sets-functions-relations/size-of-sets/reduction.tex,11,11,177,216,\olsection{ન્યૂનીકરણ},available,gu-interpolation.pdf,44,SyncTeX forward query at build/interpolation-body.tex:3154; target mapping method: exact assembled target line. Printed page was not inferred.
GU-T066,terminology,high,true,equinumerosity,ગણસામ્ય,GU-T066-O001,OLP-0035,OLP-0035:B0005,upstream/content/sets-functions-relations/size-of-sets/equinumerous-sets.tex,11,11,193,219,\olsection{Equinumerosity},gu/content/sets-functions-relations/size-of-sets/equinumerous-sets.tex,11,11,193,226,\olsection{ગણસામ્ય},available,gu-interpolation.pdf,46,SyncTeX forward query at build/interpolation-body.tex:3297; target mapping method: exact assembled target line. Printed page was not inferred.
GU-T067,terminology,high,true,no larger than / smaller than (cardinal comparison),મોટો નથી / નાનો,GU-T067-O001,OLP-0036,OLP-0036:B0007,upstream/content/sets-functions-relations/size-of-sets/comparing-size.tex,27,27,954,1022,"$A$ is \emph{no larger than}~$B$, written $\cardle{A}{B}$, iff there",gu/content/sets-functions-relations/size-of-sets/comparing-size.tex,26,26,1697,1792,"$A$ એ $B$ કરતાં \emph{મોટો નથી}, જે $\cardle{A}{B}$ લખીએ,",available,gu-interpolation.pdf,47,SyncTeX forward query at build/interpolation-body.tex:3421; target mapping method: exact assembled target line. Printed page was not inferred.
GU-T068,terminology,high,true,Schroder-Bernstein theorem,શ્રેડર--બર્નસ્ટાઇન પ્રમેય,GU-T068-O001,OLP-0037,OLP-0037:B0005,upstream/content/sets-functions-relations/size-of-sets/schroder-bernstein.tex,11,11,195,251,"\olsection{The Notion of Size, and Schr\""oder-Bernstein}",gu/content/sets-functions-relations/size-of-sets/schroder-bernstein.tex,11,11,185,305,\olsection{કદનો ખ્યાલ અને શ્રેડર--બર્નસ્ટાઇન પ્રમેય},available,gu-interpolation.pdf,48,SyncTeX forward query at build/interpolation-body.tex:3555; target mapping method: exact assembled target line. Printed page was not inferred.
GU-T069,terminology,high,true,arithmetization,અંકગણિતીકરણ,GU-T069-O001,OLP-0041,OLP-0041:B0004,upstream/content/sets-functions-relations/arithmetization/arithmetization.tex,8,8,143,182,\olchapter{sfr}{arith}{Arithmetization},gu/content/sets-functions-relations/arithmetization/arithmetization.tex,8,8,199,256,\olchapter{sfr}{arith}{અંકગણિતીકરણ},available,gu-interpolation.pdf,53,SyncTeX forward query at build/interpolation-body.tex:4030; target mapping method: unique transformed Gujarati driver title. Printed page was not inferred.
GU-T070,terminology,low,false,integer / rational / irrational / real number,પૂર્ણાંક / સંમેય / અસંમેય / વાસ્તવિક સંખ્યા,GU-T070-O001,OLP-0005,OLP-0005:B0012,upstream/content/sets-functions-relations/sets/basics.tex,79,79,2857,2925,"$6$ is the only positive integer less than $10$ that is perfect. So,",gu/content/sets-functions-relations/sets/basics.tex,47,47,3639,3770,"$4$ કરતાં નાના ધન પૂર્ણાંકોનો ગણ $\{1, 2, 3\}$ છે, પરંતુ તેને",available,gu-interpolation.pdf,12,SyncTeX forward query at build/interpolation-body.tex:43; target mapping method: exact assembled target line. Printed page was not inferred.
GU-T071,terminology,low,false,ring / field,મંડળ / ક્ષેત્ર,GU-T071-O001,OLP-0047,OLP-0047:B0005,upstream/content/sets-functions-relations/arithmetization/checking-details.tex,21,21,693,723,is that of a commutative ring.,gu/content/sets-functions-relations/arithmetization/checking-details.tex,11,11,290,371,\olsection{ક્રમિત મંડળો અને ક્ષેત્રો},available,gu-interpolation.pdf,60,SyncTeX forward query at build/interpolation-body.tex:4518; target mapping method: exact assembled target line. Printed page was not inferred.
GU-T072,terminology,high,true,commutative / commutative ring,સમક્રમી / સમક્રમી મંડળ,GU-T072-O001,OLP-0047,OLP-0047:B0005,upstream/content/sets-functions-relations/arithmetization/checking-details.tex,21,21,693,723,is that of a commutative ring.,gu/content/sets-functions-relations/arithmetization/checking-details.tex,20,20,1240,1405,"સંરચના આપે છે એવું બતાવવું છે. ખાસ કરીને, અહીંની સંરચના સમક્રમી",available,gu-interpolation.pdf,60,SyncTeX forward query at build/interpolation-body.tex:4527; target mapping method: exact assembled target line. Printed page was not inferred.
GU-T073,terminology,high,true,associativity / commutativity / distributivity,સંગઠિતતા / સમક્રમિતા / વિતરણાત્મકતા,GU-T073-O001,OLP-0047,OLP-0047:B0006,upstream/content/sets-functions-relations/arithmetization/checking-details.tex,26,26,910,963,		\emph{Associativity}&&a + (b+ c) & = (a + b) + c \\,gu/content/sets-functions-relations/arithmetization/checking-details.tex,27,27,1751,1815,		\emph{સંગઠિતતા}&&a + (b+ c) & = (a + b) + c \\,available,gu-interpolation.pdf,60,SyncTeX forward query at build/interpolation-body.tex:4534; target mapping method: exact assembled target line. Printed page was not inferred.
GU-T074,terminology,high,true,ordered ring / ordered field / complete ordered field,ક્રમિત મંડળ / ક્રમિત ક્ષેત્ર / પૂર્ણ ક્રમિત ક્ષેત્ર,GU-T074-O001,OLP-0047,OLP-0047:B0016,upstream/content/sets-functions-relations/arithmetization/checking-details.tex,112,112,4986,5053,An \emph{ordered ring} is a commutative ring which is also equipped,gu/content/sets-functions-relations/arithmetization/checking-details.tex,11,11,290,371,\olsection{ક્રમિત મંડળો અને ક્ષેત્રો},available,gu-interpolation.pdf,60,SyncTeX forward query at build/interpolation-body.tex:4518; target mapping method: exact assembled target line. Printed page was not inferred.
GU-T075,terminology,high,true,upper bound / lower bound / least upper bound / greatest lower bound,ઉચ્ચસીમા / અધઃસીમા / ન્યૂનતમ ઉચ્ચસીમા / મહત્તમ અધઃસીમા,GU-T075-O001,OLP-0044,OLP-0044:B0011,upstream/content/sets-functions-relations/arithmetization/reals.tex,74,74,3323,3723,"In any case: the reals are ``more expansive'' than the rationals. In some sense, there are ``gaps'' in the rationals, and these are filled by the reals. Weierstrass realised that this describes a single property of the real numbers, which distinguishes them from the rationals, namely the Completeness Property: \emph{Every non-empty set of real numbers with an upper bound has a least upper bound.} ",gu/content/sets-functions-relations/arithmetization/reals.tex,80,80,6716,6870,પાડે છે—એટલે પૂર્ણતા ગુણધર્મ: \emph{ઉચ્ચસીમા ધરાવતા વાસ્તવિક,available,gu-interpolation.pdf,57,SyncTeX forward query at build/interpolation-body.tex:4286; target mapping method: exact assembled target line. Printed page was not inferred.
GU-T076,terminology,high,true,completeness property,પૂર્ણતા ગુણધર્મ,GU-T076-O001,OLP-0044,OLP-0044:B0011,upstream/content/sets-functions-relations/arithmetization/reals.tex,74,74,3323,3723,"In any case: the reals are ``more expansive'' than the rationals. In some sense, there are ``gaps'' in the rationals, and these are filled by the reals. Weierstrass realised that this describes a single property of the real numbers, which distinguishes them from the rationals, namely the Completeness Property: \emph{Every non-empty set of real numbers with an upper bound has a least upper bound.} ",gu/content/sets-functions-relations/arithmetization/reals.tex,80,80,6716,6870,પાડે છે—એટલે પૂર્ણતા ગુણધર્મ: \emph{ઉચ્ચસીમા ધરાવતા વાસ્તવિક,available,gu-interpolation.pdf,57,SyncTeX forward query at build/interpolation-body.tex:4286; target mapping method: exact assembled target line. Printed page was not inferred.
GU-T077,terminology,high,true,Dedekind cut,ડેડેકિન્ડ કાપ,GU-T077-O001,OLP-0046,OLP-0046:B0006,upstream/content/sets-functions-relations/arithmetization/reflections.tex,18,18,600,667,"construction of reals, as Dedekind cuts, puts the subject matter of",gu/content/sets-functions-relations/arithmetization/reflections.tex,17,17,1032,1211,"જોવું એક ગહન અંતર્દૃષ્ટિ હતું. વધુમાં, ડેડેકિન્ડ કાપ તરીકે વાસ્તવિક",available,gu-interpolation.pdf,59,SyncTeX forward query at build/interpolation-body.tex:4436; target mapping method: exact assembled target line. Printed page was not inferred.
GU-T078,terminology,low,false,Cauchy sequence / convergence / limit,કોશી શ્રેણી / અભિસાર / લક્ષ,GU-T078-O001,OLP-0048,OLP-0048:B0008,upstream/content/sets-functions-relations/arithmetization/cauchy.tex,73,73,3103,3160,our attention to sequences which have some \emph{limit}. ,gu/content/sets-functions-relations/arithmetization/cauchy.tex,11,11,262,397,\olsection{પરિશિષ્ટ: કોશી શ્રેણીઓ તરીકે વાસ્તવિક સંખ્યાઓ},available,gu-interpolation.pdf,62,SyncTeX forward query at build/interpolation-body.tex:4713; target mapping method: exact assembled target line. Printed page was not inferred.
GU-T079,terminology,high,true,even / odd,યુગ્મ / અયુગ્મ,GU-T079-O001,OLP-0006,OLP-0006:B0007,upstream/content/sets-functions-relations/sets/subsets.tex,29,29,897,967,set. The set of natural even numbers is a subset of the set of natural,gu/content/sets-functions-relations/sets/subsets.tex,28,28,1441,1609,યુગ્મ પ્રાકૃતિક સંખ્યાઓનો ગણ પ્રાકૃતિક સંખ્યાઓના ગણનો ઉપગણ છે.,available,gu-interpolation.pdf,13,SyncTeX forward query at build/interpolation-body.tex:117; target mapping method: exact assembled target line. Printed page was not inferred.
GU-T080,terminology,high,true,decimal expansion / rational approximation,દશાંશ વિસ્તરણ / સંમેય આસન્ન મૂલ્ય,GU-T080-O001,OLP-0046,OLP-0046:B0008,upstream/content/sets-functions-relations/arithmetization/reflections.tex,27,27,1032,1100,(possibly infinite) decimal expansions. This latter ``construction'',gu/content/sets-functions-relations/arithmetization/reflections.tex,24,24,1920,2084,(કદાચ અનંત) દશાંશ વિસ્તરણોના રૂપમાં વિચારવા કરતાં \emph{વધુ} ચુસ્ત,available,gu-interpolation.pdf,59,SyncTeX forward query at build/interpolation-body.tex:4443; target mapping method: exact assembled target line. Printed page was not inferred.
GU-T081,terminology,high,true,additive inverse / multiplicative inverse / identity element,યોજક વ્યસ્ત / ગુણાકારી વ્યસ્ત / એકમ ઘટક,GU-T081-O001,OLP-0047,OLP-0047:B0006,upstream/content/sets-functions-relations/arithmetization/checking-details.tex,32,32,1156,1209,		\emph{Additive Inverse}&&(\exists b\in S)0&=a + b\\,gu/content/sets-functions-relations/arithmetization/checking-details.tex,33,33,2017,2085,		\emph{યોજક વ્યસ્ત}&&(\exists b\in S)0&=a + b\\,available,gu-interpolation.pdf,60,SyncTeX forward query at build/interpolation-body.tex:4540; target mapping method: exact assembled target line. Printed page was not inferred.
GU-T082,terminology,high,true,Dedekind infinite,ડેડેકિન્ડ-અનંત,GU-T082-O001,OLP-0050,OLP-0050:B0006,upstream/content/sets-functions-relations/infinite/hilberts-hotel.tex,61,61,2317,2382,A set $A$ is \emph{Dedekind infinite} iff there is !!a{injection},gu/content/sets-functions-relations/infinite/hilberts-hotel.tex,59,59,3984,4122,ગણ $A$ \emph{ડેડેકિન્ડ-અનંત} હોય જો અને માત્ર જો $A$થી $A$ના કોઈ,available,gu-interpolation.pdf,66,SyncTeX forward query at build/interpolation-body.tex:4992; target mapping method: exact assembled target line. Printed page was not inferred.
GU-T083,terminology,high,true,closure / f-closed,સંવરણ / f-સંવૃત,GU-T083-O001,OLP-0016,OLP-0016:B0017,upstream/content/sets-functions-relations/relations/orders.tex,100,100,3667,3726,x}$.  (This is called the \emph{reflexive closure} of~$R$.),gu/content/sets-functions-relations/relations/orders.tex,102,102,6505,6629,ફેરવી શકાય છે. (આને $R$નું \emph{સ્વવાચક સંવરણ} કહે છે.),available,gu-interpolation.pdf,23,SyncTeX forward query at build/interpolation-body.tex:1096; target mapping method: exact assembled target line. Printed page was not inferred.
GU-T084,terminology,high,true,Dedekind algebra,ડેડેકિન્ડ બીજગણિત,GU-T084-O001,OLP-0051,OLP-0051:B0013,upstream/content/sets-functions-relations/infinite/dedekind-algebra.tex,82,82,3273,3339,A \emph{Dedekind algebra} is a set $A$ together with a function $f,gu/content/sets-functions-relations/infinite/dedekind-algebra.tex,10,10,191,255,\olsection{ડેડેકિન્ડ બીજગણિતો},available,gu-interpolation.pdf,66,SyncTeX forward query at build/interpolation-body.tex:5001; target mapping method: exact assembled target line. Printed page was not inferred.
GU-T085,terminology,low,false,parameter,પ્રાચલ,GU-T085-O001,OLP-0052,OLP-0052:B0010,upstream/content/sets-functions-relations/infinite/dedekind-induction.tex,39,39,1473,1510,"$\phi(x)$, which may have parameters:",gu/content/sets-functions-relations/infinite/dedekind-induction.tex,38,38,2394,2548,"ધારો કે $N, s, o$ મળીને ડેડેકિન્ડ બીજગણિત રચે છે. ત્યારે પ્રાચલો",available,gu-interpolation.pdf,68,SyncTeX forward query at build/interpolation-body.tex:5155; target mapping method: exact assembled target line. Printed page was not inferred.
GU-T086,terminology,high,true,free variable,મુક્ત ચલ,GU-T086-O001,OLP-0052,OLP-0052:B0012,upstream/content/sets-functions-relations/infinite/dedekind-induction.tex,55,55,2050,2115,"formula $\phi(x, v_1, \ldots, v_k)$, whose free variables are all",gu/content/sets-functions-relations/infinite/dedekind-induction.tex,55,55,3521,3647,"$\phi(x, v_1, \ldots, v_k)$ માટે, જેના બધા મુક્ત ચલો દર્શાવેલા છે,",available,gu-interpolation.pdf,68,SyncTeX forward query at build/interpolation-body.tex:5172; target mapping method: exact assembled target line. Printed page was not inferred.
GU-T087,terminology,low,false,isomorphism / isomorphic,એકરૂપતા / એકરૂપ,GU-T087-O001,OLP-0023,OLP-0023:B0012,upstream/content/sets-functions-relations/functions/functions-relations.tex,60,60,1940,1955,\begin{explain},gu/content/sets-functions-relations/functions/functions-relations.tex,75,75,4356,4461,"\oliflabeldef{sfr:rel:ref:sec}{જોકે, નોંધો કે આ “એકરૂપતા”નો",available,gu-interpolation.pdf,31,SyncTeX forward query at build/interpolation-body.tex:1791; target mapping method: exact assembled target line. Printed page was not inferred.
GU-T088,terminology,high,true,structuralism / structuralist,સંરચનાવાદ / સંરચનાવાદી,GU-T088-O001,OLP-0053,OLP-0053:B0007,upstream/content/sets-functions-relations/infinite/dedekinds-proof.tex,40,40,1831,1894,contemporary ``structuralists'' cite Dedekind as a forerunner.),gu/content/sets-functions-relations/infinite/dedekinds-proof.tex,38,38,3514,3687,``સંરચનાવાદીઓ'' ડેડેકિન્ડને પોતાના પુરોગામી ગણે છે તેમાં નવાઈ નથી.),available,gu-interpolation.pdf,69,SyncTeX forward query at build/interpolation-body.tex:5229; target mapping method: exact assembled target line. Printed page was not inferred.
GU-T089,terminology,low,false,propositional logic / propositional calculus,વિધાનાત્મક તર્કશાસ્ત્ર / વિધાનોનું કલન,GU-T089-O001,OLP-0055,OLP-0055:B0004,upstream/content/propositional-logic/propositional-logic.tex,7,7,104,136,\olpart{pl}{Propositional Logic},gu/content/propositional-logic/propositional-logic.tex,7,7,104,181,\olpart{pl}{વિધાનાત્મક તર્કશાસ્ત્ર},available,gu-interpolation.pdf,71,SyncTeX forward query at build/interpolation-body.tex:5412; target mapping method: unique transformed Gujarati driver title. Printed page was not inferred.
GU-T090,terminology,high,true,propositional variable / atomic formula,વિધાનચલ / આણ્વિક સૂત્ર,GU-T090-O001,OLP-0129,OLP-0129:B0009,upstream/content/first-order-logic/completeness/complete-consistent-sets.tex,40,40,1410,1472,"!!{sentence}s}{propositional variables}, so from !!a{complete}",gu/content/first-order-logic/completeness/complete-consistent-sets.tex,39,39,2115,2236,\iftag{FOL}{પરમાણુક !!{sentence}s}{વિધાનચલો} માટે સાચી છે. તેથી,available,gu-interpolation.pdf,163,SyncTeX forward query at build/interpolation-body.tex:13841; target mapping method: unique exact-line Gujarati-token intersection. Printed page was not inferred.
GU-T091,terminology,high,true,syntax / semantics,વાક્યરચના / અર્થવિચાર,GU-T091-O001,OLP-0018,OLP-0018:B0005,upstream/content/sets-functions-relations/relations/trees.tex,15,15,404,471,"of their decomposition into a syntax tree, while !!{derivation}s in",gu/content/sets-functions-relations/relations/trees.tex,14,14,519,648,"સાંત વૃક્ષો આવે છે: દાખલા તરીકે, !!{formula}sને વાક્યરચના",available,gu-interpolation.pdf,25,SyncTeX forward query at build/interpolation-body.tex:1251; target mapping method: unique exact-line Gujarati-token intersection. Printed page was not inferred.
GU-T092,terminology,low,false,logical connective,તાર્કિક સંયોજક,GU-T092-O001,OLP-0057,OLP-0057:B0008,upstream/content/propositional-logic/syntax-and-semantics/introduction.tex,52,52,2626,2692,Giving the meaning of expressions is the domain of semantics.  The,gu/content/propositional-logic/syntax-and-semantics/introduction.tex,57,57,6298,6479,"વડે વ્યાખ્યાયિત કરી શકાય છે: તાર્કિક સંયોજકોનાં સત્યવિધેયો વાપરીને,",available,gu-interpolation.pdf,72,SyncTeX forward query at build/interpolation-body.tex:5463; target mapping method: exact assembled target line. Printed page was not inferred.
GU-T093,terminology,low,false,negation / conjunction / disjunction / conditional / biconditional,નિષેધ / સંયોજન / વિયોજન / પ્રેરણ / દ્વિમુખી પ્રેરણ,GU-T093-O001,OLP-0013,OLP-0013:B0006,upstream/content/sets-functions-relations/relations/reflections.tex,41,41,1852,1919,Second: if we think that \emph{every} relation should be identified,gu/content/sets-functions-relations/relations/reflections.tex,52,52,4429,4544,અસ્તિત્વનો \emph{નિષેધ} કરશે.\footnote{આગળની વાત અહીં,available,gu-interpolation.pdf,21,SyncTeX forward query at build/interpolation-body.tex:803; target mapping method: exact assembled target line. Printed page was not inferred.
GU-T094,terminology,high,true,inductive definition / induction on formulas,અનુમાનાત્મક વ્યાખ્યા / સૂત્રો પર અનુમાન,GU-T094-O001,OLP-0057,OLP-0057:B0007,upstream/content/propositional-logic/syntax-and-semantics/introduction.tex,48,48,2439,2505,rules.  The inductive definition resulting in expressions that are,gu/content/propositional-logic/syntax-and-semantics/introduction.tex,46,46,5154,5317,વ્યાખ્યા મળવાથી એ જ રીત---અનુમાનાત્મક વ્યાખ્યા---વાપરીને આપણે આ,available,gu-interpolation.pdf,72,SyncTeX forward query at build/interpolation-body.tex:5452; target mapping method: exact assembled target line. Printed page was not inferred.
GU-T095,terminology,high,true,unique readability / syntactic identity,એકમાત્ર વાચનીયતા / વાક્યરચનાત્મક અભિન્નતા,GU-T095-O001,OLP-0059,OLP-0059:B0012,upstream/content/propositional-logic/syntax-and-semantics/preliminaries.tex,58,58,1736,1768,\begin{prop}[Unique Readability],gu/content/propositional-logic/syntax-and-semantics/preliminaries.tex,58,58,2665,2725,\begin{prop}[એકમાત્ર વાચનીયતા],available,gu-interpolation.pdf,74,SyncTeX forward query at build/interpolation-body.tex:5658; target mapping method: exact assembled target line. Printed page was not inferred.
GU-T096,terminology,high,true,formation sequence / uniform substitution,રચના-શ્રેણી / એકરૂપ પ્રતિસ્થાપન,GU-T096-O001,OLP-0060,OLP-0060:B0006,upstream/content/propositional-logic/syntax-and-semantics/formation-sequences.tex,18,18,551,589,notion of a \emph{formation sequence}.,gu/content/propositional-logic/syntax-and-semantics/formation-sequences.tex,11,11,197,243,\olsection{રચના-શ્રેણીઓ},available,gu-interpolation.pdf,75,SyncTeX forward query at build/interpolation-body.tex:5726; target mapping method: exact assembled target line. Printed page was not inferred.
GU-T097,terminology,high,true,valuation / evaluation function,સત્યમૂલ્ય-નિયુક્તિ / મૂલ્યાંકન વિધેય,GU-T097-O001,OLP-0128,OLP-0128:B0015,upstream/content/first-order-logic/completeness/outline.tex,155,155,8506,8575,  model~$\Struct M(\Gamma^*)$}{!!{valuation}~$\pAssign v(\Gamma^*)$}.,gu/content/first-order-logic/completeness/outline.tex,163,163,17051,17152,    variable}s સત્યમૂલ્ય-નિયુક્તિ નક્કી કરે છે},available,gu-interpolation.pdf,161,SyncTeX forward query at build/interpolation-body.tex:13682; target mapping method: unique exact-line Gujarati-token intersection. Printed page was not inferred.
GU-T098,terminology,high,true,satisfaction / satisfiable / unsatisfiable,સંતોષ / સંતોષ્ય / અસંતોષ્ય,GU-T098-O001,OLP-0016,OLP-0016:B0027,upstream/content/sets-functions-relations/relations/orders.tex,152,152,5755,5820,The following simple result establishes that strict linear orders,gu/content/sets-functions-relations/relations/orders.tex,159,159,10131,10290,ઘટકો દ્વારા નિર્ધારિત સમાનતાને મળતો આવતો ગુણધર્મ સંતોષે છે:,available,gu-interpolation.pdf,24,SyncTeX forward query at build/interpolation-body.tex:1153; target mapping method: exact assembled target line. Printed page was not inferred.
GU-T099,terminology,low,false,tautology / contingent / contradiction,પુનરુક્તિ / નિવાર્ય / વ્યાઘાત,GU-T099-O001,OLP-0057,OLP-0057:B0009,upstream/content/propositional-logic/syntax-and-semantics/introduction.tex,65,65,3401,3460,"we can then define the basic semantic notions of tautology,",gu/content/propositional-logic/syntax-and-semantics/introduction.tex,61,61,6687,6844,"વાક્યો માટેના સંતોષસંબંધ $\pSat{v}{!A}$ને આધારે પછી આપણે પુનરુક્તિ,",available,gu-interpolation.pdf,72,SyncTeX forward query at build/interpolation-body.tex:5467; target mapping method: unique exact-line Gujarati-token intersection. Printed page was not inferred.
GU-T100,terminology,high,true,entailment / semantic consequence,તાર્કિક ફલિતતા / અર્થાનુસારી ફલિતતા,GU-T100-O001,OLP-0127,OLP-0127:B0006,upstream/content/first-order-logic/completeness/introduction.tex,18,18,468,536,the relationship between semantic consequence and our !!{derivation},gu/content/first-order-logic/completeness/introduction.tex,17,17,616,773,પહેલા નિરૂપણમાં તે અર્થાનુસારી ફલિતતા અને આપણા !!{derivation} તંત્ર,available,gu-interpolation.pdf,160,SyncTeX forward query at build/interpolation-body.tex:13596; target mapping method: unique exact-line Gujarati-token intersection. Printed page was not inferred.
GU-T101,terminology,high,true,local determination / semantic deduction theorem,સ્થાનિક નિર્ધારણ / અર્થાનુસારી નિગમન પ્રમેય,GU-T101-O001,OLP-0061,OLP-0061:B0010,upstream/content/propositional-logic/syntax-and-semantics/valuations-sat.tex,133,133,4006,4038,\begin{thm}[Local Determination],gu/content/propositional-logic/syntax-and-semantics/valuations-sat.tex,134,134,4653,4712,\begin{thm}[સ્થાનિક નિર્ધારણ],available,gu-interpolation.pdf,78,SyncTeX forward query at build/interpolation-body.tex:5994; target mapping method: exact assembled target line. Printed page was not inferred.
GU-T102,terminology,high,true,proof / derivation / derivation system / derivable,સાબિતી / નિષ્પત્તિ / નિષ્પત્તિ-તંત્ર / નિષ્પન્ન કરી શકાય એવું,GU-T102-O001,OLP-0010,OLP-0010:B0011,upstream/content/sets-functions-relations/sets/russells-paradox.tex,56,56,2002,2095,"Let's run through this proof more slowly. If $R$ exists, it makes sense to ask whether $R \in",gu/content/sets-functions-relations/sets/russells-paradox.tex,56,56,3923,4070,"આ સાબિતીને વધુ ધીમેથી સમજીએ. જો $R$ અસ્તિત્વ ધરાવતો હોય, તો",available,gu-interpolation.pdf,19,SyncTeX forward query at build/interpolation-body.tex:593; target mapping method: exact assembled target line. Printed page was not inferred.
GU-T103,terminology,high,true,axiom / axiomatic derivation / axiom schema / axiom system,સ્વયંસિદ્ધિ / સ્વયંસિદ્ધિમૂલક નિષ્પત્તિ / સ્વયંસિદ્ધિ-પ્રરૂપ / સ્વયંસિદ્ધિ-તંત્ર,GU-T103-O001,OLP-0013,OLP-0013:B0006,upstream/content/sets-functions-relations/relations/reflections.tex,52,52,2550,2620,"develop set theory in a rigorous way as an axiomatic theory, and that ",gu/content/sets-functions-relations/relations/reflections.tex,57,57,4961,5123,સ્વયંસિદ્ધિઓ પર આધારિત સિદ્ધાંત તરીકે ચોકસાઈપૂર્વક વિકસાવી,available,gu-interpolation.pdf,21,SyncTeX forward query at build/interpolation-body.tex:808; target mapping method: exact assembled target line. Printed page was not inferred.
GU-T104,terminology,high,true,inference rule / modus ponens,અનુમાન-નિયમ / મોડસ પોનેન્સ,GU-T104-O001,OLP-0064,OLP-0064:B0007,upstream/content/first-order-logic/proof-systems/introduction.tex,31,31,1232,1302,number of ``inference rules''---and it can be mechanically verified if,gu/content/first-order-logic/proof-systems/introduction.tex,30,30,2431,2552,``અનુમાન-નિયમો'' પૈકી કોઈ એક વડે મળવું જોઈએ. !!a{formula},available,gu-interpolation.pdf,80,SyncTeX forward query at build/interpolation-body.tex:6175; target mapping method: unique exact-line Gujarati-token intersection. Printed page was not inferred.
GU-T105,terminology,high,true,soundness / sound / unsound,યથાર્થતા / યથાર્થ / અયથાર્થ,GU-T105-O001,OLP-0064,OLP-0064:B0009,upstream/content/first-order-logic/proof-systems/introduction.tex,66,66,3166,3236,\emph{soundness}. !!^a{derivation} system is sound if !!{derivability},gu/content/first-order-logic/proof-systems/introduction.tex,63,63,6287,6415,ઉપરની ``માત્ર જો'' દિશાને \emph{યથાર્થતા} કહે છે. !!^a{derivation},available,gu-interpolation.pdf,80,SyncTeX forward query at build/interpolation-body.tex:6208; target mapping method: unique exact-line Gujarati-token intersection. Printed page was not inferred.
GU-T106,terminology,high,true,completeness / complete derivation system,પૂર્ણતા / પૂર્ણ નિષ્પત્તિ-તંત્ર,GU-T106-O001,OLP-0018,OLP-0018:B0005,upstream/content/sets-functions-relations/relations/trees.tex,18,18,538,600,Infinite trees appear already in the proof of the completeness,gu/content/sets-functions-relations/relations/trees.tex,19,19,934,1112,વિધાનાત્મક અને પ્રથમ ક્રમના તર્કશાસ્ત્ર માટેના પૂર્ણતા પ્રમેયોની,available,gu-interpolation.pdf,25,SyncTeX forward query at build/interpolation-body.tex:1256; target mapping method: exact assembled target line. Printed page was not inferred.
GU-T107,terminology,low,false,consistency / inconsistent / contradiction,સુસંગતતા / અસુસંગત / વ્યાઘાત,GU-T107-O001,OLP-0064,OLP-0064:B0011,upstream/content/first-order-logic/proof-systems/introduction.tex,83,83,4123,4191,\emph{consistency}. A set of !!{sentence}s is called inconsistent if,gu/content/first-order-logic/proof-systems/introduction.tex,80,80,8325,8465,!!{derivation} તંત્રો સાથે જોડાયેલો બીજો ખ્યાલ \emph{સુસંગતતા} છે.,available,gu-interpolation.pdf,80,SyncTeX forward query at build/interpolation-body.tex:6225; target mapping method: unique exact-line Gujarati-token intersection. Printed page was not inferred.
GU-T108,terminology,high,true,sequent / sequent calculus / initial sequent,સિક્વન્ટ / સિક્વન્ટ કલન / આરંભિક સિક્વન્ટ,GU-T108-O001,OLP-0064,OLP-0064:B0008,upstream/content/first-order-logic/proof-systems/introduction.tex,41,41,1807,1877,"deduction, truth trees, also known as tableaux proofs, and the sequent",gu/content/first-order-logic/proof-systems/introduction.tex,40,40,3741,3884,છે—અને સિક્વન્ટ કલન છે. કેટલાંક !!{derivation} તંત્રો ખાસ કરીને,available,gu-interpolation.pdf,80,SyncTeX forward query at build/interpolation-body.tex:6185; target mapping method: unique exact-line Gujarati-token intersection. Printed page was not inferred.
GU-T109,terminology,high,true,natural deduction / introduction rule / elimination rule,સ્વાભાવિક નિગમન / પરિચય-નિયમ / નિવારણ-નિયમ,GU-T109-O001,OLP-0064,OLP-0064:B0008,upstream/content/first-order-logic/proof-systems/introduction.tex,38,38,1610,1674,Other !!{derivation} systems have been developed with the aim of,gu/content/first-order-logic/proof-systems/introduction.tex,39,39,3575,3740,"દાખલા સ્વાભાવિક નિગમન, સત્ય-વૃક્ષો—જેને ટેબ્લો સાબિતીઓ પણ કહે",available,gu-interpolation.pdf,80,SyncTeX forward query at build/interpolation-body.tex:6184; target mapping method: exact assembled target line. Printed page was not inferred.
GU-T110,terminology,high,true,assumption / discharge / undischarged assumption,ધારણા / નિવૃત્ત કરવું / અનિવૃત્ત ધારણા,GU-T110-O001,OLP-0010,OLP-0010:B0012,upstream/content/sets-functions-relations/sets/russells-paradox.tex,64,64,2491,2560,"Since the assumption that $R \in R$ leads to a contradiction, we have",gu/content/sets-functions-relations/sets/russells-paradox.tex,66,66,5007,5147,"$R \in R$ની ધારણા પરસ્પરવિરોધ તરફ દોરી જાય છે, તેથી $R \notin R$ છે.",available,gu-interpolation.pdf,19,SyncTeX forward query at build/interpolation-body.tex:603; target mapping method: exact assembled target line. Printed page was not inferred.
GU-T111,terminology,high,true,proof by cases / indirect proof / conditional proof,કિસ્સાવાર સાબિતી / પરોક્ષ સાબિતી / શરતી સાબિતી,GU-T111-O001,OLP-0066,OLP-0066:B0006,upstream/content/first-order-logic/proof-systems/natural-deduction.tex,18,18,479,542,"patterns. For instance, proof by cases allows us to establish a",gu/content/first-order-logic/proof-systems/natural-deduction.tex,18,18,818,989,"ભાતો મુજબ આગળ વધે છે. દાખલા તરીકે, કિસ્સાવાર સાબિતીમાં કોઈ વિયોજક",available,gu-interpolation.pdf,81,SyncTeX forward query at build/interpolation-body.tex:6314; target mapping method: exact assembled target line. Printed page was not inferred.
GU-T112,terminology,high,true,tableau / truth tree / signed formula / closed tableau,ટેબ્લો / સત્ય-વૃક્ષ / ચિહ્નિત સૂત્ર / બંધ ટેબ્લો,GU-T112-O001,OLP-0064,OLP-0064:B0008,upstream/content/first-order-logic/proof-systems/introduction.tex,41,41,1807,1877,"deduction, truth trees, also known as tableaux proofs, and the sequent",gu/content/first-order-logic/proof-systems/introduction.tex,39,39,3575,3740,"દાખલા સ્વાભાવિક નિગમન, સત્ય-વૃક્ષો—જેને ટેબ્લો સાબિતીઓ પણ કહે",available,gu-interpolation.pdf,80,SyncTeX forward query at build/interpolation-body.tex:6184; target mapping method: exact assembled target line. Printed page was not inferred.
GU-T113,terminology,high,true,theorem / provability,પ્રમેય / સાબિત કરી શકાય તેવું,GU-T113-O001,OLP-0018,OLP-0018:B0005,upstream/content/sets-functions-relations/relations/trees.tex,19,19,601,663,"theorems for propositional and first-order logic, and are used",gu/content/sets-functions-relations/relations/trees.tex,19,19,934,1112,વિધાનાત્મક અને પ્રથમ ક્રમના તર્કશાસ્ત્ર માટેના પૂર્ણતા પ્રમેયોની,available,gu-interpolation.pdf,25,SyncTeX forward query at build/interpolation-body.tex:1256; target mapping method: exact assembled target line. Printed page was not inferred.
GU-T114,terminology,high,true,proof-theoretic semantics,સાબિતી-સૈદ્ધાંતિક અર્થવિચાર,GU-T114-O001,OLP-0066,OLP-0066:B0010,upstream/content/first-order-logic/proof-systems/natural-deduction.tex,88,88,4485,4517,(``proof-theoretic semantics'').,gu/content/first-order-logic/proof-systems/natural-deduction.tex,85,85,9230,9314,(``સાબિતી-સૈદ્ધાંતિક અર્થવિચાર'').,available,gu-interpolation.pdf,82,SyncTeX forward query at build/interpolation-body.tex:6381; target mapping method: exact assembled target line. Printed page was not inferred.
GU-T115,terminology,high,true,resolution method / resolution refutation,રિઝોલ્યૂશન પદ્ધતિ / રિઝોલ્યૂશન વડે ખંડન,GU-T115-O001,OLP-0064,OLP-0064:B0008,upstream/content/first-order-logic/proof-systems/introduction.tex,43,43,1946,2007,"mechanization in mind, e.g., the resolution method is easy to",gu/content/first-order-logic/proof-systems/introduction.tex,53,53,5297,5451,"નિગમનો, સિક્વન્ટ !!{derivation}s, સત્ય-વૃક્ષો કે રિઝોલ્યૂશન વડે ખંડન",available,gu-interpolation.pdf,80,SyncTeX forward query at build/interpolation-body.tex:6198; target mapping method: unique exact-line Gujarati-token intersection. Printed page was not inferred.
GU-T116,terminology,high,true,antecedent / succedent,પૂર્વાંગ / ઉત્તરાંગ,GU-T116-O001,OLP-0070,OLP-0070:B0007,upstream/content/first-order-logic/sequent-calculus/rules-and-proofs.tex,25,25,620,678,"\emph{antecedent}, while $\Delta$ is the \emph{succedent}.",gu/content/first-order-logic/sequent-calculus/rules-and-proofs.tex,24,24,782,917,(સંભવતઃ ખાલી) શ્રેણીઓ છે. $\Gamma$ને \emph{પૂર્વાંગ} અને $\Delta$ને,available,gu-interpolation.pdf,85,SyncTeX forward query at build/interpolation-body.tex:6616; target mapping method: exact assembled target line. Printed page was not inferred.
GU-T117,terminology,high,true,premise / conclusion / end-sequent,આધાર-સિક્વન્ટ / ફલિત-સિક્વન્ટ / અંતિમ સિક્વન્ટ,GU-T117-O001,OLP-0074,OLP-0074:B0007,upstream/content/first-order-logic/sequent-calculus/derivations.tex,33,33,1076,1148,We then say that $S$ is the \emph{end-sequent} of the !!{derivation} and,gu/content/first-order-logic/sequent-calculus/derivations.tex,29,29,1602,1786,"  ઉપયોગનો આધાર-સિક્વન્ટ છે, અને તે નિયમનું ફલિત-સિક્વન્ટ વૃક્ષમાં તેની",available,gu-interpolation.pdf,88,SyncTeX forward query at build/interpolation-body.tex:6934; target mapping method: exact assembled target line. Printed page was not inferred.
GU-T118,terminology,high,true,eigenvariable / eigenvariable condition,આઇગનચલ / આઇગનચલ-શરત,GU-T118-O001,OLP-0072,OLP-0072:B0008,upstream/content/first-order-logic/sequent-calculus/quantifier-rules.tex,30,30,769,826,call $a$ the \emph{eigenvariable} of the \RightR{\forall},gu/content/first-order-logic/sequent-calculus/quantifier-rules.tex,30,30,945,1038,\RightR{\forall} અનુમાનમાં $a$ને \emph{આઇગનચલ} કહીએ,available,gu-interpolation.pdf,86,SyncTeX forward query at build/interpolation-body.tex:6771; target mapping method: exact assembled target line. Printed page was not inferred.
GU-T119,terminology,high,true,weakening / contraction / exchange / cut,શિથિલીકરણ / સંકોચન / અદલાબદલી / કટ,GU-T119-O001,OLP-0073,OLP-0073:B0009,upstream/content/first-order-logic/sequent-calculus/structural-rules.tex,37,37,1043,1067,\subsection{Contraction},gu/content/first-order-logic/sequent-calculus/structural-rules.tex,22,22,1201,1241,\subsection{શિથિલીકરણ},available,gu-interpolation.pdf,87,SyncTeX forward query at build/interpolation-body.tex:6856; target mapping method: exact assembled target line. Printed page was not inferred.
GU-T120,terminology,high,true,reflexivity / monotonicity / transitivity / compactness,સ્વવાચકતા / એકદિશવર્ધિતા / પરંપરિતતા / સઘનતા,GU-T120-O001,OLP-0014,OLP-0014:B0006,upstream/content/sets-functions-relations/relations/special-properties.tex,23,23,804,829,\begin{defn}[Reflexivity],gu/content/sets-functions-relations/relations/special-properties.tex,23,23,1440,1481,\begin{defn}[સ્વવાચકતા],available,gu-interpolation.pdf,21,SyncTeX forward query at build/interpolation-body.tex:852; target mapping method: exact assembled target line. Printed page was not inferred.
GU-T121,terminology,high,true,identity / substitutability of identicals / Leibniz's law,તાદાત્મ્ય / અભિન્ન વસ્તુઓની પ્રતિસ્થાપનીયતા / લાઇબ્નિત્સનો નિયમ,GU-T121-O001,OLP-0012,OLP-0012:B0005,upstream/content/sets-functions-relations/relations/relations-as-sets.tex,12,12,221,236,\begin{explain},gu/content/sets-functions-relations/relations/relations-as-sets.tex,17,17,794,954,"\emph{તેની સાથે તાદાત્મ્ય ધરાવે છે} એવો સંબંધ પણ છે, જે દરેક વસ્તુ",available,gu-interpolation.pdf,19,SyncTeX forward query at build/interpolation-body.tex:644; target mapping method: exact assembled target line. Printed page was not inferred.
GU-T122,terminology,low,false,quantifier / universal quantifier / existential quantifier,પરિમાણક / સાર્વત્રિક પરિમાણક / અસ્તિત્વલક્ષી પરિમાણક,GU-T122-O001,OLP-0047,OLP-0047:B0006,upstream/content/sets-functions-relations/arithmetization/checking-details.tex,35,35,1300,1474,"	Implicitly, these are all bound with universal quantifiers restricted to $S$. And note that the elements $0$ and~$1$ here need not be the natural numbers with the same name.",gu/content/sets-functions-relations/arithmetization/checking-details.tex,36,36,2195,2339,	અહીં ગર્ભિત રીતે આ બધાં સૂત્રોના સર્વપરિમાણકો $S$ પૂરતા,available,gu-interpolation.pdf,60,SyncTeX forward query at build/interpolation-body.tex:4543; target mapping method: exact assembled target line. Printed page was not inferred.
GU-T123,terminology,high,true,closed term / sentence,બંધ પદ / વાક્ય,GU-T123-O001,OLP-0072,OLP-0072:B0008,upstream/content/first-order-logic/sequent-calculus/quantifier-rules.tex,27,27,568,628,"In \LeftR{\lforall}, $t$ is a closed term (i.e., one without",gu/content/first-order-logic/sequent-calculus/quantifier-rules.tex,27,27,620,732,\LeftR{\lforall}માં $t$ બંધ પદ (એટલે કે ચલ વિનાનું પદ) છે.,available,gu-interpolation.pdf,86,SyncTeX forward query at build/interpolation-body.tex:6768; target mapping method: exact assembled target line. Printed page was not inferred.
GU-T124,terminology,high,true,deduction theorem,નિગમન પ્રમેય,GU-T124-O001,OLP-0062,OLP-0062:B0015,upstream/content/propositional-logic/syntax-and-semantics/semantic-notions.tex,83,83,2678,2717,\begin{thm}[Semantic Deduction Theorem],gu/content/propositional-logic/syntax-and-semantics/semantic-notions.tex,84,84,3809,3890,\begin{thm}[અર્થાનુસારી નિગમન પ્રમેય],available,gu-interpolation.pdf,79,SyncTeX forward query at build/interpolation-body.tex:6138; target mapping method: exact assembled target line. Printed page was not inferred.
GU-T125,terminology,high,true,contraposition / ex falso quodlibet / explosion / double negation elimination,પ્રતિપક્ષન / એક્સ ફાલ્સો ક્વોડલિબેટ / વિસ્ફોટ / દ્વિ-નિષેધ નિકાલ,GU-T125-O001,OLP-0119,OLP-0119:B0018,upstream/content/first-order-logic/axiomatic-deduction/deduction-theorem.tex,110,110,4160,4206,  !A$ (Contraposition); \ollabel{derivfacts:b},gu/content/first-order-logic/axiomatic-deduction/deduction-theorem.tex,115,115,6873,6935,  !A$ (પ્રતિપક્ષન); \ollabel{derivfacts:b},available,gu-interpolation.pdf,154,SyncTeX forward query at build/interpolation-body.tex:13021; target mapping method: unique exact-line Gujarati-token intersection. Printed page was not inferred.
GU-T126,terminology,high,true,proof-theoretic notions / proof-theoretic property,સાબિતી-સૈદ્ધાંતિક ખ્યાલો / સાબિતી-સૈદ્ધાંતિક ગુણધર્મ,GU-T126-O001,OLP-0077,OLP-0077:B0006,upstream/content/first-order-logic/sequent-calculus/proof-theoretic-notions.tex,18,18,393,428,\olsection{Proof-Theoretic Notions},gu/content/first-order-logic/sequent-calculus/proof-theoretic-notions.tex,23,23,1169,1249,\olsection{સાબિતી-સૈદ્ધાંતિક ખ્યાલો},available,gu-interpolation.pdf,95,SyncTeX forward query at build/interpolation-body.tex:7468; target mapping method: exact assembled target line. Printed page was not inferred.
GU-T127,terminology,high,true,model / model existence result,નિદર્શ / સંરચના-અસ્તિત્વનું પરિણામ,GU-T127-O001,OLP-0136,OLP-0136:B0006,upstream/content/first-order-logic/completeness/compactness-direct.tex,22,22,707,777,  model~$\Struct{M(\Gamma^*)}$}{!!{valuation}~$\pAssign{v(\Gamma^*)}$},gu/content/first-order-logic/completeness/compactness-direct.tex,20,20,1009,1084,\iftag{FOL}{પદ-નિદર્શ~$\Struct{M(\Gamma^*)}$}{!!{valuation},available,gu-interpolation.pdf,174,SyncTeX forward query at build/interpolation-body.tex:14984; target mapping method: unique Gujarati-token window alignment. Printed page was not inferred.
GU-T128,terminology,high,true,complete set,પૂર્ણ ગણ,GU-T128-O001,OLP-0128,OLP-0128:B0010,upstream/content/first-order-logic/completeness/outline.tex,80,80,4094,4151,set~$\Gamma$ to a consistent and complete set~$\Gamma^*$.,gu/content/first-order-logic/completeness/outline.tex,74,74,6938,7084,\emph{પૂર્ણ} કહે છે. તેથી સુસંગત ગણ~$\Gamma$ને સુસંગત અને પૂર્ણ ગણ,available,gu-interpolation.pdf,162,SyncTeX forward query at build/interpolation-body.tex:13716; target mapping method: exact assembled target line. Printed page was not inferred.
GU-T129,terminology,high,true,saturated set / Henkin expansion / witness / counterexample,સંતૃપ્ત ગણ / હેન્કિન વિસ્તાર / સાક્ષી / પ્રતિદૃષ્ટાંત,GU-T129-O001,OLP-0128,OLP-0128:B0015,upstream/content/first-order-logic/completeness/outline.tex,140,140,7522,7591,  investigate ``saturated'' sets of sentences. A saturated set is one,gu/content/first-order-logic/completeness/outline.tex,143,143,15024,15177,  વ્યાખ્યાયિત કરીને તપાસીશું. સંતૃપ્ત ગણમાં દરેક પરિમાણિત,available,gu-interpolation.pdf,163,SyncTeX forward query at build/interpolation-body.tex:13785; target mapping method: exact assembled target line. Printed page was not inferred.
GU-T130,terminology,high,true,Lindenbaum's Lemma,લિન્ડનબાઉમનું સહાયક પ્રમેય,GU-T130-O001,OLP-0131,OLP-0131:B0005,upstream/content/first-order-logic/completeness/lindenbaums-lemma.tex,13,13,239,269,\olsection{Lindenbaum's Lemma},gu/content/first-order-logic/completeness/lindenbaums-lemma.tex,13,13,239,325,\olsection{લિન્ડનબાઉમનું સહાયક પ્રમેય},available,gu-interpolation.pdf,166,SyncTeX forward query at build/interpolation-body.tex:14149; target mapping method: exact assembled target line. Printed page was not inferred.
GU-T131,terminology,high,true,term model / Truth Lemma,પદ-નિદર્શ / સત્યતા સહાયક પ્રમેય,GU-T131-O001,OLP-0136,OLP-0136:B0007,upstream/content/first-order-logic/completeness/compactness-direct.tex,28,28,1012,1079,versions of the results leading to the truth lemma where we replace,gu/content/first-order-logic/completeness/compactness-direct.tex,25,25,1468,1638,શકાય છે. સત્યતા સહાયક પ્રમેય સુધી લઈ જતાં પરિણામોનાં એવાં અનુરૂપ,available,gu-interpolation.pdf,175,SyncTeX forward query at build/interpolation-body.tex:14988; target mapping method: exact assembled target line. Printed page was not inferred.
GU-T132,terminology,high,true,factoring / representative / well defined,ભાગફલન / પ્રતિનિધિ / સુવ્યાખ્યાયિત,GU-T132-O001,OLP-0133,OLP-0133:B0005,upstream/content/first-order-logic/completeness/identity.tex,23,23,851,914,"fix this, however, using a construction known as ``factoring.''",gu/content/first-order-logic/completeness/identity.tex,21,21,1355,1501,$\eq[t][t']$ ખોટું છે. જોકે ``ભાગફલન'' તરીકે ઓળખાતી રચના વાપરીને આ,available,gu-interpolation.pdf,169,SyncTeX forward query at build/interpolation-body.tex:14497; target mapping method: exact assembled target line. Printed page was not inferred.
GU-T133,terminology,high,true,finitely satisfiable,સાન્ત રીતે સંતોષ્ય,GU-T133-O001,OLP-0127,OLP-0127:B0009,upstream/content/first-order-logic/completeness/introduction.tex,59,59,2732,2802,Although the compactness theorem follows from the completeness theorem,gu/content/first-order-logic/completeness/introduction.tex,59,59,6099,6249,બદલે !!{sentence}sના ``સાન્ત રીતે સંતોષ્ય'' ગણોથી શરૂ કરીને લગભગ આ જ,available,gu-interpolation.pdf,161,SyncTeX forward query at build/interpolation-body.tex:13638; target mapping method: unique exact-line Gujarati-token intersection. Printed page was not inferred.
GU-T134,terminology,high,true,"L\""owenheim--Skolem theorem",લેવેનહાઇમ--સ્કોલેમ પ્રમેય,GU-T134-O001,OLP-0127,OLP-0127:B0009,upstream/content/first-order-logic/completeness/introduction.tex,71,71,3511,3575,"  L\""owenheim--Skolem theorem.)  In general, the construction of",gu/content/first-order-logic/completeness/introduction.tex,66,66,6872,7029,  સંરચના મળે છે. (આ પરિણામને લેવેનહાઇમ--સ્કોલેમ પ્રમેય કહે છે.),available,gu-interpolation.pdf,161,SyncTeX forward query at build/interpolation-body.tex:13645; target mapping method: exact assembled target line. Printed page was not inferred.
GU-T135,terminology,high,true,infinitesimal,અનંતસૂક્ષ્મ,GU-T135-O001,OLP-0135,OLP-0135:B0014,upstream/content/first-order-logic/completeness/compactness.tex,132,132,5668,5735,"existed, would be an \emph{infinitesimal:} non-zero, but infinitely",gu/content/first-order-logic/completeness/compactness.tex,139,139,9657,9825,"\emph{અનંતસૂક્ષ્મ} હોત: શૂન્યેતર, પરંતુ અનંત રીતે નાની. સઘનતા પ્રમેય",available,gu-interpolation.pdf,174,SyncTeX forward query at build/interpolation-body.tex:14896; target mapping method: exact assembled target line. Printed page was not inferred.
GU-T136,terminology,high,true,axiomatizable / decidable,સ્વયંસિદ્ધીકરણીય / નિર્ણેય,GU-T136-O001,OLP-0129,OLP-0129:B0008,upstream/content/first-order-logic/completeness/complete-consistent-sets.tex,30,30,954,1003,"axiomatizable, for instance, is always decidable.",gu/content/first-order-logic/completeness/complete-consistent-sets.tex,29,29,1238,1400,"નથી. દાખલા તરીકે, !!{complete} અને સ્વયંસિદ્ધીકરણીય સિદ્ધાંત હંમેશાં",available,gu-interpolation.pdf,163,SyncTeX forward query at build/interpolation-body.tex:13831; target mapping method: unique exact-line Gujarati-token intersection. Printed page was not inferred.
GU-T137,terminology,high,true,bound variable / quantifier scope,બદ્ધ ચલ / પરિમાણકનો વ્યાપ,GU-T137-O001,OLP-0140,OLP-0140:B0007,upstream/content/first-order-logic/introduction/first-order-logic.tex,33,33,1229,1293,These questions are primarily questions about the ``meaning'' of,gu/content/first-order-logic/introduction/first-order-logic.tex,53,53,5385,5569,અંગ્રેજી વાક્યોને પ્રથમ-ક્રમ તર્કશાસ્ત્રમાં સંકેતબદ્ધ કરવાની તાલીમ,available,gu-interpolation.pdf,177,SyncTeX forward query at build/interpolation-body.tex:15319; target mapping method: exact assembled target line. Printed page was not inferred.
GU-T138,terminology,high,true,model theory / axiomatic method,નિદર્શસિદ્ધાંત / સ્વયંસિદ્ધિમૂલક પદ્ધતિ,GU-T138-O001,OLP-0147,OLP-0147:B0006,upstream/content/first-order-logic/introduction/models-theories.tex,26,26,1092,1155,of \emph{model theory}.  They also underlie the \emph{axiomatic,gu/content/first-order-logic/introduction/models-theories.tex,25,25,1921,2102,એ જ સંરચનાઓમાં સત્ય હોય? આવા પ્રશ્નો \emph{નિદર્શસિદ્ધાંત}ના ક્ષેત્રમાં,available,gu-interpolation.pdf,183,SyncTeX forward query at build/interpolation-body.tex:15768; target mapping method: exact assembled target line. Printed page was not inferred.
GU-T139,terminology,high,true,valid / validity / logically true,પ્રમાણભૂત / પ્રામાણ્ય / તાર્કિક રીતે સત્ય,GU-T139-O001,OLP-0135,OLP-0135:B0015,upstream/content/first-order-logic/completeness/compactness.tex,156,156,6898,6911,\tagprob{FOL},gu/content/first-order-logic/completeness/compactness.tex,170,170,12239,12355,અંકગણિતના પ્રમાણભૂત નિદર્શ~$\Struct{N}$માં એવો કોઈ,available,gu-interpolation.pdf,174,SyncTeX forward query at build/interpolation-body.tex:14927; target mapping method: exact assembled target line. Printed page was not inferred.
GU-T140,terminology,high,true,variable assignment,ચલ-નિયુક્તિ,GU-T140-O001,OLP-0124,OLP-0124:B0013,upstream/content/first-order-logic/axiomatic-deduction/soundness.tex,90,90,3567,3621,"for every variable assignment~$s$, $\Sat{M}{!B(x)}[s]$",gu/content/first-order-logic/axiomatic-deduction/soundness.tex,42,42,2684,2799,    {દરેક !!{structure}~$\Struct{M}$ અને નિયુક્તિ~$s$ માટે $\Sat{M}{!A}[s]$.},available,gu-interpolation.pdf,159,SyncTeX forward query at build/interpolation-body.tex:13376; target mapping method: unique exact-line Gujarati-token intersection. Printed page was not inferred.
GU-T141,terminology,high,true,first-order language / non-logical symbol / n-place,પ્રથમ-ક્રમ ભાષા / અતાર્કિક સંકેત / n-સ્થાની,GU-T141-O001,OLP-0142,OLP-0142:B0007,upstream/content/first-order-logic/introduction/formulas.tex,24,24,876,943,"Let's define ``!!{formula}'' for a simple first-order language, one",gu/content/first-order-logic/introduction/formulas.tex,23,23,1526,1678,"ચાલો, એક સાદી પ્રથમ-ક્રમ ભાષા માટે ``!!{formula}'' વ્યાખ્યાયિત કરીએ:",available,gu-interpolation.pdf,179,SyncTeX forward query at build/interpolation-body.tex:15430; target mapping method: unique exact-line Gujarati-token intersection. Printed page was not inferred.
GU-T142,terminology,high,true,term / formula / string of symbols,પદ / સૂત્ર / સંકેતશ્રેણી,GU-T142-O001,OLP-0115,OLP-0115:B0006,upstream/content/first-order-logic/axiomatic-deduction/axioms-rules-quantifiers.tex,20,20,481,505,for any closed term~$t$.,gu/content/first-order-logic/axiomatic-deduction/axioms-rules-quantifiers.tex,20,20,740,800,જ્યાં $t$ કોઈપણ બંધ પદ છે.,available,gu-interpolation.pdf,149,SyncTeX forward query at build/interpolation-body.tex:12599; target mapping method: exact assembled target line. Printed page was not inferred.
GU-T143,terminology,high,true,main operator / subformula / immediate or proper subformula,મુખ્ય કારક / ઉપસૂત્ર / તત્કાલિક અથવા ઉચિત ઉપસૂત્ર,GU-T143-O001,OLP-0154,OLP-0154:B0006,upstream/content/first-order-logic/syntax-and-semantics/main-operator.tex,17,17,461,526,"of $!A$. For example, the main operator of $\lnot !A$ is $\lnot$,",gu/content/first-order-logic/syntax-and-semantics/main-operator.tex,15,15,415,558,વાર ઉપયોગી બને છે. આ કારકને $!A$નો \emph{મુખ્ય કારક} કહેવાય છે.,available,gu-interpolation.pdf,190,SyncTeX forward query at build/interpolation-body.tex:16450; target mapping method: unique exact-line Gujarati-token intersection. Printed page was not inferred.
GU-T144,terminology,high,true,proper prefix / proper initial subsequence / minimal formation sequence,ઉચિત આરંભખંડ / ઉચિત આરંભ-ઉપશ્રેણી / ન્યૂનતમ રચના-શ્રેણી,GU-T144-O001,OLP-0153,OLP-0153:B0022,upstream/content/first-order-logic/syntax-and-semantics/unique-readability.tex,113,113,4483,4510,\begin{defn}[Proper prefix],gu/content/first-order-logic/syntax-and-semantics/unique-readability.tex,108,108,7249,7297,\begin{defn}[ઉચિત આરંભખંડ],available,gu-interpolation.pdf,189,SyncTeX forward query at build/interpolation-body.tex:16351; target mapping method: exact assembled target line. Printed page was not inferred.
GU-T145,terminology,high,true,free occurrence / free for substitution / variable capture / instance,મુક્ત ઘટના / મુક્તપણે પ્રતિસ્થાપનીય / ચલનું પકડાવું / દૃષ્ટાંત,GU-T145-O001,OLP-0157,OLP-0157:B0006,upstream/content/first-order-logic/syntax-and-semantics/free-vars-sentences.tex,13,13,269,316,\begin{defn}[Free occurrences of !!a{variable}],gu/content/first-order-logic/syntax-and-semantics/free-vars-sentences.tex,15,15,376,482,!!a{formula}માં !!a{variable}ની \emph{મુક્ત} ઘટનાઓ નીચે મુજબ,available,gu-interpolation.pdf,195,SyncTeX forward query at build/interpolation-body.tex:16929; target mapping method: unique exact-line Gujarati-token intersection. Printed page was not inferred.
GU-T146,terminology,high,true,domain of a structure or model (universe),વ્યાપકક્ષેત્ર,GU-T146-O001,OLP-0161,OLP-0161:B0006,upstream/content/first-order-logic/syntax-and-semantics/structures.tex,18,18,522,592,"\emph{domain}, i.e., the objects which the !!{constant}s pick out, the",gu/content/first-order-logic/syntax-and-semantics/structures.tex,18,18,712,873,"છે. તે \emph{વ્યાપકક્ષેત્ર}, એટલે કે !!{constant}s જે વસ્તુઓને નિર્દેશે છે,",available,gu-interpolation.pdf,198,SyncTeX forward query at build/interpolation-body.tex:17207; target mapping method: unique exact-line Gujarati-token intersection. Printed page was not inferred.
GU-T147,terminology,high,true,covered structure / closed term / value of a term,આવૃત સંરચના / બંધ પદ / પદનું મૂલ્ય,GU-T147-O001,OLP-0162,OLP-0162:B0007,upstream/content/first-order-logic/syntax-and-semantics/covered-structures.tex,17,17,369,409,\begin{defn}[!!^{value} of closed terms],gu/content/first-order-logic/syntax-and-semantics/covered-structures.tex,11,11,196,310,\olsection{પ્રથમ-ક્રમ ભાષાઓ માટેની આવૃત \printtoken{P}{structure}},available,gu-interpolation.pdf,199,SyncTeX forward query at build/interpolation-body.tex:17307; target mapping method: exact assembled target line. Printed page was not inferred.
GU-T148,terminology,high,true,x-variant of a variable assignment,ચલ-નિયુક્તિનું x-રૂપાંતર,GU-T148-O001,OLP-0163,OLP-0163:B0011,upstream/content/first-order-logic/syntax-and-semantics/satisfaction.tex,74,74,3078,3103,\begin{defn}[$x$-Variant],gu/content/first-order-logic/syntax-and-semantics/satisfaction.tex,70,70,5112,5151,\begin{defn}[$x$-રૂપાંતર],available,gu-interpolation.pdf,201,SyncTeX forward query at build/interpolation-body.tex:17432; target mapping method: exact assembled target line. Printed page was not inferred.
GU-T149,terminology,high,true,extensionality / relevance for first-order satisfaction,પ્રસ્તુત ઘટકો દ્વારા નિર્ધારણ / સંબંધિતતા,GU-T149-O001,OLP-0165,OLP-0165:B0005,upstream/content/first-order-logic/syntax-and-semantics/extensionality.tex,11,11,190,216,\olsection{Extensionality},gu/content/first-order-logic/syntax-and-semantics/extensionality.tex,11,11,190,283,\olsection{પ્રસ્તુત ઘટકો દ્વારા નિર્ધારણ},available,gu-interpolation.pdf,209,SyncTeX forward query at build/interpolation-body.tex:18128; target mapping method: exact assembled target line. Printed page was not inferred.
GU-T150,terminology,high,true,satisfaction relative to a variable assignment,ચલ-નિયુક્તિ સાપેક્ષ સંતોષ,GU-T150-O001,OLP-0163,OLP-0163:B0015,upstream/content/first-order-logic/syntax-and-semantics/satisfaction.tex,104,104,4228,4281,"relative to !!a{variable} assignment~$s$, in symbols:",gu/content/first-order-logic/syntax-and-semantics/satisfaction.tex,34,34,2832,2927,"માત્ર !!a{structure} સાપેક્ષ નહિ, પણ !!a{structure} તથા",available,gu-interpolation.pdf,200,SyncTeX forward query at build/interpolation-body.tex:17396; target mapping method: unique exact-line Gujarati-token intersection. Printed page was not inferred.
GU-T151,terminology,high,true,vacuous substitution (a substitution that makes no change),પ્રતિસ્થાપનથી કોઈ ફેરફાર ન થાય,GU-T151-O001,OLP-0158,OLP-0158:B0024,upstream/content/first-order-logic/syntax-and-semantics/substitution.tex,97,97,3035,3103,Note that substitution may be vacuous: If $x$ does not occur in $!A$,gu/content/first-order-logic/syntax-and-semantics/substitution.tex,98,98,4106,4245,"નોંધો કે પ્રતિસ્થાપનથી કોઈ ફેરફાર ન પણ થાય: જો $x$, $!A$માં",available,gu-interpolation.pdf,197,SyncTeX forward query at build/interpolation-body.tex:17102; target mapping method: unique exact-line Gujarati-token intersection. Printed page was not inferred.
GU-T152,terminology,high,true,theory / first-order theory,સિદ્ધાંત / પ્રથમ-ક્રમ સિદ્ધાંત,GU-T152-O001,OLP-0168,OLP-0168:B0009,upstream/content/first-order-logic/models-theories/introduction.tex,38,38,1350,1417,We can think of an axiomatic theory as the set of sentences that is,gu/content/first-order-logic/models-theories/introduction.tex,22,22,1530,1707,"વિધિવત્ તર્કશાસ્ત્ર સ્વયંસિદ્ધિમૂલક સિદ્ધાંતો ઘડવા, સિદ્ધાંતનાં",available,gu-interpolation.pdf,211,SyncTeX forward query at build/interpolation-body.tex:18448; target mapping method: exact assembled target line. Printed page was not inferred.
GU-T153,terminology,high,true,axiomatized by / sententially closed / closure of a sentence set,સ્વયંસિદ્ધીકૃત / સંવૃત / વાક્યગણનું સંવરણ,GU-T153-O001,OLP-0168,OLP-0168:B0008,upstream/content/first-order-logic/models-theories/introduction.tex,33,33,1208,1262,We say that~$\Gamma$ is \emph{axiomatized by} a set of,gu/content/first-order-logic/models-theories/introduction.tex,35,35,2622,2722,$\Gamma$ને~$\Delta$એ \emph{સ્વયંસિદ્ધીકૃત} કર્યો છે.,available,gu-interpolation.pdf,212,SyncTeX forward query at build/interpolation-body.tex:18461; target mapping method: exact assembled target line. Printed page was not inferred.
GU-T154,terminology,high,true,definability / definable / express a relation,વ્યાખ્યેયતા / વ્યાખ્યેય / સંબંધ વ્યક્ત કરવો,GU-T154-O001,OLP-0168,OLP-0168:B0010,upstream/content/first-order-logic/models-theories/introduction.tex,86,86,4344,4412,\item Another important question is that of definability of concepts,gu/content/first-order-logic/models-theories/introduction.tex,85,85,9386,9558,\item બીજો અગત્યનો પ્રશ્ન સિદ્ધાંતમાંના ખ્યાલોની વ્યાખ્યેયતાનો છે:,available,gu-interpolation.pdf,212,SyncTeX forward query at build/interpolation-body.tex:18511; target mapping method: exact assembled target line. Printed page was not inferred.
GU-T155,terminology,high,true,mereology / parthood / proper part / mereological sum / fusion,અંશસિદ્ધાંત / અંશતા / યથાર્થ અંશ / અંશસિદ્ધાંતિક યોગ / સંલયન,GU-T155-O001,OLP-0170,OLP-0170:B0013,upstream/content/first-order-logic/models-theories/theories.tex,103,103,3967,4036,"In the area of \emph{mereology}, the relation of \emph{parthood} is a",gu/content/first-order-logic/models-theories/theories.tex,106,106,7340,7475,\emph{અંશસિદ્ધાંત} ક્ષેત્રમાં \emph{અંશતા}નો સંબંધ પાયાનો,available,gu-interpolation.pdf,215,SyncTeX forward query at build/interpolation-body.tex:18684; target mapping method: exact assembled target line. Printed page was not inferred.
GU-T156,terminology,high,true,pure set / urelement,શુદ્ધ ગણ / અગણ મૂળઘટક,GU-T156-O001,OLP-0170,OLP-0170:B0010,upstream/content/first-order-logic/models-theories/theories.tex,63,63,2149,2215,The theory of pure sets plays an important role in the foundations,gu/content/first-order-logic/models-theories/theories.tex,62,62,3312,3505,શુદ્ધ ગણોનો સિદ્ધાંત ગણિતના પાયામાં (અને ગણિતના તત્ત્વજ્ઞાનમાં) અગત્યની,available,gu-interpolation.pdf,214,SyncTeX forward query at build/interpolation-body.tex:18640; target mapping method: exact assembled target line. Printed page was not inferred.
GU-T157,terminology,high,true,naive comprehension scheme / comprehension principle / separation principle,સહજ ગુણધર્મ-ગણરચના પ્રરૂપ / ગુણધર્મ-ગણરચના સિદ્ધાંત / પૃથક્કરણ સિદ્ધાંત,GU-T157-O001,OLP-0170,OLP-0170:B0012,upstream/content/first-order-logic/models-theories/theories.tex,91,91,3483,3553,\emph{naive comprehension scheme}.  It essentially says that for every,gu/content/first-order-logic/models-theories/theories.tex,93,93,6334,6489,છેલ્લે જણાવેલાં !!{sentence}sને સામૂહિક રીતે \emph{સહજ ગુણધર્મ-ગણરચના,available,gu-interpolation.pdf,214,SyncTeX forward query at build/interpolation-body.tex:18671; target mapping method: unique exact-line Gujarati-token intersection. Printed page was not inferred.
GU-T158,terminology,high,true,many-sorted logic / sort / typed,બહુ-પ્રકાર તર્કશાસ્ત્ર / પ્રકાર / પ્રકારિત,GU-T158-O001,OLP-0176,OLP-0176:B0005,upstream/content/first-order-logic/beyond/many-sorted-logic.tex,11,11,181,210,\olsection{Many-Sorted Logic},gu/content/first-order-logic/beyond/many-sorted-logic.tex,11,11,205,279,\olsection{બહુ-પ્રકાર તર્કશાસ્ત્ર},available,gu-interpolation.pdf,220,SyncTeX forward query at build/interpolation-body.tex:19171; target mapping method: exact assembled target line. Printed page was not inferred.
GU-T159,terminology,high,true,second-order logic / higher-order logic,દ્વિતીય-ક્રમ તર્કશાસ્ત્ર / ઉચ્ચ-ક્રમ તર્કશાસ્ત્ર,GU-T159-O001,OLP-0177,OLP-0177:B0005,upstream/content/first-order-logic/beyond/second-order-logic.tex,11,11,182,212,\olsection{Second-Order logic},gu/content/first-order-logic/beyond/second-order-logic.tex,11,11,206,286,\olsection{દ્વિતીય-ક્રમ તર્કશાસ્ત્ર},available,gu-interpolation.pdf,221,SyncTeX forward query at build/interpolation-body.tex:19235; target mapping method: exact assembled target line. Printed page was not inferred.
GU-T160,terminology,high,true,full or weak semantics / categorical description,પૂર્ણ અથવા દુર્બળ અર્થવિજ્ઞાન / એકરૂપતા સુધીનું અનન્ય વર્ણન,GU-T160-O001,OLP-0177,OLP-0177:B0010,upstream/content/first-order-logic/beyond/second-order-logic.tex,123,123,5844,5923,given !!{derivation} system is complete for the full second-order semantics. On,gu/content/first-order-logic/beyond/second-order-logic.tex,120,120,11877,12060,"પૂર્ણ દ્વિતીય-ક્રમ અર્થવિજ્ઞાન માટે પૂર્ણ નથી. બીજી બાજુ, આપણે જોઈશું",available,gu-interpolation.pdf,223,SyncTeX forward query at build/interpolation-body.tex:19344; target mapping method: exact assembled target line. Printed page was not inferred.
GU-T161,terminology,high,true,comprehension schema / impredicative / predicative,ગુણધર્મ-ગણરચના પ્રરૂપ / અપ્રેડિકેટિવ / પ્રેડિકેટિવ,GU-T161-O001,OLP-0177,OLP-0177:B0007,upstream/content/first-order-logic/beyond/second-order-logic.tex,57,57,2145,2212,"rule is equivalent to having a {\em comprehension schema}, i.e., an",gu/content/first-order-logic/beyond/second-order-logic.tex,55,55,3902,4056,"\emph{ગુણધર્મ-ગણરચના પ્રરૂપ} રાખવા સમકક્ષ છે, એટલે આ સ્વરૂપનું",available,gu-interpolation.pdf,222,SyncTeX forward query at build/interpolation-body.tex:19279; target mapping method: exact assembled target line. Printed page was not inferred.
GU-T162,terminology,high,true,finite type / functional,સાન્ત પ્રકાર / વિધેયક,GU-T162-O001,OLP-0178,OLP-0178:B0007,upstream/content/first-order-logic/beyond/higher-order-logic.tex,27,27,985,1054,If $\sigma$ and $\tau$ are finite types then so is $\sigma \to \tau$.,gu/content/first-order-logic/beyond/higher-order-logic.tex,27,27,2131,2244,"જો $\sigma$ અને~$\tau$ સાન્ત પ્રકારો હોય, તો $\sigma \to \tau$ પણ",available,gu-interpolation.pdf,224,SyncTeX forward query at build/interpolation-body.tex:19487; target mapping method: exact assembled target line. Printed page was not inferred.
GU-T163,terminology,high,true,intuitionistic / classical / constructive logic,સ્ફુરણાવાદી / પ્રશિષ્ટ / રચનાત્મક તર્કશાસ્ત્ર,GU-T163-O001,OLP-0179,OLP-0179:B0005,upstream/content/first-order-logic/beyond/intuitionistic-logic.tex,11,11,183,215,\olsection{Intuitionistic Logic},gu/content/first-order-logic/beyond/intuitionistic-logic.tex,11,11,207,286,\olsection{સ્ફુરણાવાદી તર્કશાસ્ત્ર},available,gu-interpolation.pdf,226,SyncTeX forward query at build/interpolation-body.tex:19607; target mapping method: exact assembled target line. Printed page was not inferred.
GU-T164,terminology,high,true,BHK interpretation / law of excluded middle / double-negation translation,BHK અર્થઘટન / વર્જિત મધ્યનો નિયમ / દ્વિનિષેધ અનુવાદ,GU-T164-O001,OLP-0179,OLP-0179:B0016,upstream/content/first-order-logic/beyond/intuitionistic-logic.tex,98,98,4202,4267,"connectives, usually known as the BHK interpretation (named after",gu/content/first-order-logic/beyond/intuitionistic-logic.tex,87,87,8405,8573,"રીતે BHK અર્થઘટન (બ્રાઉર, હાઇટિંગ અને કોલ્મોગોરોવ પરથી નામ આપેલું)",available,gu-interpolation.pdf,227,SyncTeX forward query at build/interpolation-body.tex:19683; target mapping method: exact assembled target line. Printed page was not inferred.
GU-T165,terminology,high,true,Kripke structure / forcing relation / monotone assignment,ક્રિપ્કે સંરચના / બાધન-સંબંધ / એકદિશવર્ધી નિયુક્તિ,GU-T165-O001,OLP-0179,OLP-0179:B0026,upstream/content/first-order-logic/beyond/intuitionistic-logic.tex,196,196,8972,9047,"mathematical !!{structure}s. In contrast, Kripke !!{structure}s can only be",gu/content/first-order-logic/beyond/intuitionistic-logic.tex,180,180,18515,18680,"અભ્યાસનું સાધન માની શકાય. તેનાથી ઊલટું, ક્રિપ્કે !!{structure}sને માત્ર",available,gu-interpolation.pdf,228,SyncTeX forward query at build/interpolation-body.tex:19776; target mapping method: unique exact-line Gujarati-token intersection. Printed page was not inferred.
GU-T166,terminology,high,true,modal / intensional / extensional logic; accessibility; possible world,મોડલ / અંતર્લક્ષી / વિસ્તારલક્ષી તર્કશાસ્ત્ર; સુલભતા; શક્ય જગત,GU-T166-O001,OLP-0180,OLP-0180:B0005,upstream/content/first-order-logic/beyond/modal-logics.tex,11,11,176,200,\olsection{Modal Logics},gu/content/first-order-logic/beyond/modal-logics.tex,11,11,200,261,\olsection{મોડલ તર્કશાસ્ત્રો},available,gu-interpolation.pdf,229,SyncTeX forward query at build/interpolation-body.tex:19811; target mapping method: exact assembled target line. Printed page was not inferred.
GU-T167,terminology,high,true,provability / epistemic / temporal logic,સાબિતીયોગ્યતા / જ્ઞાનમીમાંસક / કાલિક તર્કશાસ્ત્ર,GU-T167-O001,OLP-0180,OLP-0180:B0009,upstream/content/first-order-logic/beyond/modal-logics.tex,59,59,2693,2759,"\item In provability logic, $\Box !A$ is read ``$!A$ is provable''",gu/content/first-order-logic/beyond/modal-logics.tex,61,61,6243,6260,\begin{enumerate},available,gu-interpolation.pdf,230,SyncTeX forward query at build/interpolation-body.tex:19861; target mapping method: exact assembled target line. Printed page was not inferred.
GU-T168,terminology,high,true,"fuzzy, probabilistic, default, nonmonotonic, defeasible, causal and deontic logic","અસ્પષ્ટ, સંભાવ્યતા, ડિફૉલ્ટ, અ-એકદિશવર્ધી, પરાજેય, કારણાત્મક અને કર્તવ્યલક્ષી તર્કશાસ્ત્ર",GU-T168-O001,OLP-0181,OLP-0181:B0007,upstream/content/first-order-logic/beyond/other-logics.tex,23,23,776,830,Fuzzy logic is designed to model reasoning about vague,gu/content/first-order-logic/beyond/other-logics.tex,22,22,1632,1822,અસ્પષ્ટ તર્કશાસ્ત્ર ધૂંધળા ગુણધર્મો વિશેના તર્કવિચારનું નિદર્શન કરવા,available,gu-interpolation.pdf,230,SyncTeX forward query at build/interpolation-body.tex:19909; target mapping method: exact assembled target line. Printed page was not inferred.
GU-T169,terminology,high,true,reduct / expansion of a structure,સંરચનાનું ન્યૂનરૂપ / વિસ્તાર,GU-T169-O001,OLP-0184,OLP-0184:B0004,upstream/content/model-theory/basics/reducts-and-expansions.tex,10,10,191,223,\section{Reducts and Expansions},gu/content/model-theory/basics/reducts-and-expansions.tex,10,10,180,252,\section{ન્યૂનરૂપો અને વિસ્તારો},available,gu-interpolation.pdf,231,SyncTeX forward query at build/interpolation-body.tex:19984; target mapping method: unique exact-line Gujarati-token intersection. Printed page was not inferred.
GU-T170,terminology,high,true,substructure / extension / generated substructure,ઉપસંરચના / વિસ્તરણ / જનિત ઉપસંરચના,GU-T170-O001,OLP-0185,OLP-0185:B0006,upstream/content/model-theory/basics/substructures.tex,22,22,682,754,"language~$\Lang L$, we say that $\Struct M$ is a \emph{sub!!{structure}}",gu/content/model-theory/basics/substructures.tex,23,23,1189,1262,$\Struct M$ને $\Struct M'$ની \emph{ઉપ!!{structure}} અને,available,gu-interpolation.pdf,232,SyncTeX forward query at build/interpolation-body.tex:20057; target mapping method: unique Gujarati-token window alignment. Printed page was not inferred.
GU-T171,terminology,high,true,overspill / arbitrarily large finite models,અતિપ્રવાહ / ગમે તેટલા મોટા સાન્ત નિદર્શો,GU-T171-O001,OLP-0186,OLP-0186:B0006,upstream/content/model-theory/basics/overspill.tex,20,20,499,568,i \neq j\}$. To say that $\Gamma$ has arbitrarily large finite models,gu/content/model-theory/basics/overspill.tex,10,10,167,206,\olsection{અતિપ્રવાહ},available,gu-interpolation.pdf,232,SyncTeX forward query at build/interpolation-body.tex:20093; target mapping method: unique exact-line Gujarati-token intersection. Printed page was not inferred.
GU-T172,terminology,high,true,elementary equivalence / elementarily equivalent,પ્રાથમિક સમકક્ષતા / પ્રાથમિક રીતે સમકક્ષ,GU-T172-O001,OLP-0187,OLP-0187:B0005,upstream/content/model-theory/basics/isomorphism.tex,14,14,351,420,true. We call such !!{structure}s \emph{elementarily equivalent}. But,gu/content/model-theory/basics/isomorphism.tex,14,14,482,629,!!{structure}sને આપણે \emph{પ્રાથમિક રીતે સમકક્ષ} કહીએ છીએ. પરંતુ બહુ,available,gu-interpolation.pdf,232,SyncTeX forward query at build/interpolation-body.tex:20133; target mapping method: unique exact-line Gujarati-token intersection. Printed page was not inferred.
GU-T173,terminology,high,true,automorphism / fixed under an automorphism,સ્વ-એકરૂપતા / સ્વ-એકરૂપતા હેઠળ સ્થિર,GU-T173-O001,OLP-0187,OLP-0187:B0012,upstream/content/model-theory/basics/isomorphism.tex,120,120,4836,4904,An \emph{automorphism} of a structure $\Struct{M}$ is an isomorphism,gu/content/model-theory/basics/isomorphism.tex,126,126,8123,8185,\emph{સ્વ-એકરૂપતા} કહીએ છીએ.,available,gu-interpolation.pdf,234,SyncTeX forward query at build/interpolation-body.tex:20245; target mapping method: exact assembled target line. Printed page was not inferred.
GU-T174,terminology,high,true,partial isomorphism / back-and-forth property,આંશિક એકરૂપતા / આગળ-પાછળ ગુણધર્મ,GU-T174-O001,OLP-0189,OLP-0189:B0004,upstream/content/model-theory/basics/partial-iso.tex,10,10,180,210,\section{Partial Isomorphisms},gu/content/model-theory/basics/partial-iso.tex,10,10,169,219,\section{આંશિક એકરૂપતાઓ},available,gu-interpolation.pdf,235,SyncTeX forward query at build/interpolation-body.tex:20317; target mapping method: unique exact-line Gujarati-token intersection. Printed page was not inferred.
GU-T175,terminology,high,true,purely relational language,શુદ્ધ સંબંધાત્મક ભાષા,GU-T175-O001,OLP-0189,OLP-0189:B0011,upstream/content/model-theory/basics/partial-iso.tex,87,87,3244,3307,  purely relational !!{language} (!!a{language} containing only,gu/content/model-theory/basics/partial-iso.tex,82,82,4701,4805,  ધારો કે $\Struct{M}$ અને $\Struct{N}$ શુદ્ધ સંબંધાત્મક,available,gu-interpolation.pdf,235,SyncTeX forward query at build/interpolation-body.tex:20389; target mapping method: exact assembled target line. Printed page was not inferred.
GU-T176,terminology,high,true,quantifier rank / n-equivalent,પરિમાણક-ક્રમ / n-સમકક્ષ,GU-T176-O001,OLP-0189,OLP-0189:B0015,upstream/content/model-theory/basics/partial-iso.tex,114,114,4376,4447,"  For any !!{formula}~$!A$, the \emph{quantifier rank} of $!A$, denoted",gu/content/model-theory/basics/partial-iso.tex,110,110,6665,6780,"  કોઈ પણ !!{formula}~$!A$ માટે $!A$નો \emph{પરિમાણક-ક્રમ}, જેને",available,gu-interpolation.pdf,236,SyncTeX forward query at build/interpolation-body.tex:20417; target mapping method: unique exact-line Gujarati-token intersection. Printed page was not inferred.
GU-T177,terminology,high,true,finite sequence / concatenation / empty sequence,સાન્ત શ્રેણી / જોડાણ / ખાલી શ્રેણી,GU-T177-O001,OLP-0189,OLP-0189:B0018,upstream/content/model-theory/basics/partial-iso.tex,137,137,5326,5387,"  all finite sequences over $\Domain{M}$. We use $\mathbf{a},",gu/content/model-theory/basics/partial-iso.tex,139,139,9276,9413,  $\Domain{M}$ પરની બધી સાન્ત શ્રેણીઓનો ગણ કહીએ. ઘટકોની સાન્ત,available,gu-interpolation.pdf,236,SyncTeX forward query at build/interpolation-body.tex:20446; target mapping method: exact assembled target line. Printed page was not inferred.
GU-T178,terminology,high,true,theory of a structure / complete theory,સંરચનાનો સિદ્ધાંત / પૂર્ણ સિદ્ધાંત,GU-T178-O001,OLP-0188,OLP-0188:B0005,upstream/content/model-theory/basics/theory-of-m.tex,11,11,181,232,\section{The Theory of a \printtoken{S}{structure}},gu/content/model-theory/basics/theory-of-m.tex,11,11,170,236,\section{\printtoken{S}{structure}નો સિદ્ધાંત},available,gu-interpolation.pdf,234,SyncTeX forward query at build/interpolation-body.tex:20260; target mapping method: unique exact-line Gujarati-token intersection. Printed page was not inferred.
GU-T179,terminology,high,true,dense linear ordering without endpoints,અંતબિંદુવિહીન સઘન રેખીય ક્રમ,GU-T179-O001,OLP-0190,OLP-0190:B0005,upstream/content/model-theory/basics/dlo.tex,13,13,224,292,  A \emph{dense linear ordering without endpoints} is !!a{structure},gu/content/model-theory/basics/dlo.tex,13,13,235,370,  \emph{અંતબિંદુવિહીન સઘન રેખીય ક્રમ} એ માત્ર એક 2-સ્થાની,available,gu-interpolation.pdf,237,SyncTeX forward query at build/interpolation-body.tex:20553; target mapping method: exact assembled target line. Printed page was not inferred.
GU-T180,terminology,high,true,models of arithmetic,અંકગણિતના નિદર્શો,GU-T180-O001,OLP-0191,OLP-0191:B0004,upstream/content/model-theory/models-of-arithmetic/models-of-arithmetic.tex,8,8,135,177,\olchapter{mod}{mar}{Models of Arithmetic},gu/content/model-theory/models-of-arithmetic/models-of-arithmetic.tex,8,8,135,206,\olchapter{mod}{mar}{અંકગણિતના નિદર્શો},available,gu-interpolation.pdf,238,SyncTeX forward query at build/interpolation-body.tex:20631; target mapping method: unique transformed Gujarati driver title. Printed page was not inferred.
GU-T181,terminology,high,true,standard/non-standard model; standard/non-standard number,પ્રમાણભૂત/અપ્રમાણભૂત નિદર્શ; પ્રમાણભૂત/અપ્રમાણભૂત સંખ્યા,GU-T181-O001,OLP-0192,OLP-0192:B0005,upstream/content/model-theory/models-of-arithmetic/introduction.tex,12,12,208,254,The \emph{standard model} of arithmetic is the,gu/content/model-theory/models-of-arithmetic/introduction.tex,12,12,211,333,અંકગણિતનો \emph{પ્રમાણભૂત નિદર્શ} એ $\Domain{N}=\Nat$ ધરાવતી,available,gu-interpolation.pdf,238,SyncTeX forward query at build/interpolation-body.tex:20653; target mapping method: exact assembled target line. Printed page was not inferred.
GU-T182,terminology,high,true,standard numeral,પ્રમાણભૂત આંકિક પદ,GU-T182-O001,OLP-0193,OLP-0193:B0007,upstream/content/model-theory/models-of-arithmetic/standard-models.tex,27,27,887,955,"then its domain is the set of values of the standard numerals, i.e.,",gu/content/model-theory/models-of-arithmetic/standard-models.tex,27,27,1595,1784,"પ્રમાણભૂત હોય, તો તેનું વ્યાપકક્ષેત્ર પ્રમાણભૂત આંકિક પદોનાં મૂલ્યોનો",available,gu-interpolation.pdf,239,SyncTeX forward query at build/interpolation-body.tex:20751; target mapping method: exact assembled target line. Printed page was not inferred.
GU-T183,terminology,high,true,successor/predecessor in arithmetic,ઉત્તરગામી / પૂર્વગામી,GU-T183-O001,OLP-0192,OLP-0192:B0005,upstream/content/model-theory/models-of-arithmetic/introduction.tex,15,15,383,449,"would expect. That is, $\Obj{0}$ is $0$, $\prime$ is the successor",gu/content/model-theory/models-of-arithmetic/introduction.tex,15,15,564,674,"$\Obj{0}$ એ~$0$ છે, $\prime$ ઉત્તરગામી વિધેય છે, અને $+$ તથા",available,gu-interpolation.pdf,238,SyncTeX forward query at build/interpolation-body.tex:20656; target mapping method: exact assembled target line. Printed page was not inferred.
GU-T184,terminology,high,true,block of a non-standard element,અપ્રમાણભૂત ઘટકનો ખંડ,GU-T184-O001,OLP-0196,OLP-0196:B0015,upstream/content/model-theory/models-of-arithmetic/models-of-pa.tex,104,104,3969,4038,We call this subset the \emph{block of~$x$} and write it as $[x]$. It,gu/content/model-theory/models-of-arithmetic/models-of-pa.tex,117,117,7721,7862,આ ઉપગણને \emph{$x$નો ખંડ} કહીએ છીએ અને $[x]$ લખીએ છીએ. તેને લઘુતમ,available,gu-interpolation.pdf,246,SyncTeX forward query at build/interpolation-body.tex:21362; target mapping method: exact assembled target line. Printed page was not inferred.
GU-T185,terminology,high,true,computable structure/model/function; decidable relation,સંગણનીય સંરચના/નિદર્શ/વિધેય; નિર્ણેય સંબંધ,GU-T185-O001,OLP-0197,OLP-0197:B0004,upstream/content/model-theory/models-of-arithmetic/computable-models.tex,10,10,189,230,\section{Computable Models of Arithmetic},gu/content/model-theory/models-of-arithmetic/computable-models.tex,10,10,189,270,\section{અંકગણિતના સંગણનીય નિદર્શો},available,gu-interpolation.pdf,248,SyncTeX forward query at build/interpolation-body.tex:21533; target mapping method: unique exact-line Gujarati-token intersection. Printed page was not inferred.
GU-T186,terminology,high,true,true arithmetic / consistency statement,સાચું અંકગણિત / સુસંગતતા-વિધાન,GU-T186-O001,OLP-0196,OLP-0196:B0035,upstream/content/model-theory/models-of-arithmetic/models-of-pa.tex,243,243,9370,9434,"$\Struct{M_2}$ of true arithmetic, their reducts to the language",gu/content/model-theory/models-of-arithmetic/models-of-pa.tex,260,260,16464,16597,!!{denumerable} ક્રમો એકરૂપ છે. તેથી સાચા અંકગણિતના કોઈ પણ બે,available,gu-interpolation.pdf,247,SyncTeX forward query at build/interpolation-body.tex:21505; target mapping method: unique exact-line Gujarati-token intersection. Printed page was not inferred.
GU-T187,terminology,high,true,primitive recursion,આદિમ પુનરાવર્તન,GU-T187-O001,OLP-0197,OLP-0197:B0005,upstream/content/model-theory/models-of-arithmetic/computable-models.tex,21,21,790,856,"numbers. (Computable by Turing machines, or definable by primitive",gu/content/model-theory/models-of-arithmetic/computable-models.tex,20,20,1325,1475,"વિધેયો છે. (માનો કે ત્યૂરિંગ યંત્રો વડે સંગણનીય, અથવા આદિમ",available,gu-interpolation.pdf,248,SyncTeX forward query at build/interpolation-body.tex:21543; target mapping method: exact assembled target line. Printed page was not inferred.
GU-T188,terminology,high,true,interpolation theorem / interpolant,અંતર્વેશન પ્રમેય / અંતર્વેશક,GU-T188-O001,OLP-0199,OLP-0199:B0006,upstream/content/model-theory/interpolation/introduction.tex,13,13,204,262,The interpolation theorem is the following result: Suppose,gu/content/model-theory/interpolation/introduction.tex,13,13,205,320,અંતર્વેશન પ્રમેય નીચેનું પરિણામ છે: ધારો કે,available,gu-interpolation.pdf,249,SyncTeX forward query at build/interpolation-body.tex:21683; target mapping method: exact assembled target line. Printed page was not inferred.
GU-T189,terminology,high,true,separate / inseparable sets of sentences,પૃથક કરવું / વાક્યોના અપૃથક્કરણીય ગણો,GU-T189-O001,OLP-0200,OLP-0200:B0007,upstream/content/model-theory/interpolation/separation.tex,24,24,837,900,A sentence $!C$ \emph{separates} sets of sentences $\Gamma$ and,gu/content/model-theory/interpolation/separation.tex,18,18,893,1033,\emph{પૃથક કરે છે} તેમ કહેવાય છે. તેથી $!A$ અને~$!B$નો અંતર્વેશક,available,gu-interpolation.pdf,249,SyncTeX forward query at build/interpolation-body.tex:21708; target mapping method: unique exact-line Gujarati-token intersection. Printed page was not inferred.
GU-T190,terminology,high,true,explicitly/implicitly define a predicate,વિધેયને સ્પષ્ટ રીતે / ગૂઢ રીતે વ્યાખ્યાયિત કરવું,GU-T190-O001,OLP-0202,OLP-0202:B0006,upstream/content/model-theory/interpolation/definability.tex,32,32,1229,1251,explicitly defines it.,gu/content/model-theory/interpolation/definability.tex,18,18,957,1110,"સિદ્ધાંત~$\Sigma(P)$, $P$ને સ્પષ્ટ રીતે વ્યાખ્યાયિત કરે છે જો તેમાં",available,gu-interpolation.pdf,253,SyncTeX forward query at build/interpolation-body.tex:22059; target mapping method: exact assembled target line. Printed page was not inferred.
GU-T191,terminology,high,true,joint consistency theorem,સંયુક્ત સુસંગતતા પ્રમેય,GU-T191-O001,OLP-0199,OLP-0199:B0007,upstream/content/model-theory/interpolation/introduction.tex,25,25,910,947,Robinson's joint consistency theorem.,gu/content/model-theory/interpolation/introduction.tex,24,24,1445,1591,અને બીજાને રૉબિન્સનનું સંયુક્ત સુસંગતતા પ્રમેય કહે છે.,available,gu-interpolation.pdf,249,SyncTeX forward query at build/interpolation-body.tex:21694; target mapping method: exact assembled target line. Printed page was not inferred.
OLFUN-001,source_correction,normal,false,confirmed mathematical defect,Added the nonempty-domain hypothesis to the theorem and proof; disclosed the counterexample and exact general condition.,OLFUN-001-O001,OLP-0024,OLP-0024:B0012,upstream/content/sets-functions-relations/functions/inverses.tex,62,62,2459,2471,\begin{prop},gu/content/sets-functions-relations/functions/inverses.tex,75,75,4761,4889,"જો $f\colon A \to B$ એ !!{injective} હોય અને તેનો પ્રદેશ અખાલી હોય, તો",available,gu-interpolation.pdf,32,SyncTeX forward query at build/interpolation-body.tex:1935; target mapping method: exact adjacent source-correction disclosure marker. Printed page was not inferred.
OLFUN-002,source_correction,normal,false,confirmed wording defect,Used nonnegative (principal) square root on the natural-number domain and disclosed the English adjective correction.,OLFUN-002-O001,OLP-0021,OLP-0021:B0014,upstream/content/sets-functions-relations/functions/function-basics.tex,64,64,2361,2371,\begin{ex},gu/content/sets-functions-relations/functions/function-basics.tex,73,73,4974,5100,છે: $\sqrt{n}$ અને~$-\sqrt{n}$. માત્ર અનૃણ (મુખ્ય) વર્ગમૂળ આપીને,available,gu-interpolation.pdf,27,SyncTeX forward query at build/interpolation-body.tex:1523; target mapping method: exact adjacent source-correction disclosure marker. Printed page was not inferred.
OLFUN-003,source_correction,normal,false,$n$,$x$,OLFUN-003-O001,OLP-0021,OLP-0021:B0018,upstream/content/sets-functions-relations/functions/function-basics.tex,103,103,4043,4113,Let $g \colon \Nat \to \Nat$ be defined such that $g(x) = x+2-1$. This,gu/content/sets-functions-relations/functions/function-basics.tex,115,115,8532,8641,"પ્રાકૃતિક સંખ્યા~$x$ આપતાં $g$, $x$ના અનુગામીના",available,gu-interpolation.pdf,28,SyncTeX forward query at build/interpolation-body.tex:1563; target mapping method: exact adjacent source-correction disclosure marker. Printed page was not inferred.
OLFUN-004,source_correction,normal,false,confirmed terminology imprecision,Typed the graph as a relation contained in A times B and disclosed the source imprecision.,OLFUN-004-O001,OLP-0023,OLP-0023:B0007,upstream/content/sets-functions-relations/functions/functions-relations.tex,24,24,712,782,\begin{defn}[Graph of a function] Let $f\colon A \to B$ be a function.,gu/content/sets-functions-relations/functions/functions-relations.tex,67,67,3567,3648,"\times B$માં સમાયેલો સંબંધ. બીજી તરફ,",available,gu-interpolation.pdf,31,SyncTeX forward query at build/interpolation-body.tex:1800; target mapping method: exact adjacent source-correction disclosure marker. Printed page was not inferred.
OLFUN-005,source_correction,normal,false,confirmed explanatory inconsistency explicit definition correct,Kept the correct domain-only function restriction and qualified its analogy with the earlier two-coordinate relation restriction.,OLFUN-005-O001,OLP-0023,OLP-0023:B0013,upstream/content/sets-functions-relations/functions/functions-relations.tex,78,78,2911,2946,\begin{defn}\ollabel{defn:funimage},gu/content/sets-functions-relations/functions/functions-relations.tex,110,110,7046,7195,માત્ર પ્રદેશને C સુધી સીમિત કરે છે; અગાઉનું સંબંધ-મર્યાદન,available,gu-interpolation.pdf,31,SyncTeX forward query at build/interpolation-body.tex:1832; target mapping method: exact adjacent source-correction disclosure marker. Printed page was not inferred.
OLSIZ-001,source_correction,normal,false,confirmed tabular value omission,Completed the Gujarati values row with -3 and added an adjacent keyed note.,OLSIZ-001-O001,OLP-0029,OLP-0029:B0020,upstream/content/sets-functions-relations/size-of-sets/enumerability.tex,140,140,5788,5798,\begin{ex},gu/content/sets-functions-relations/size-of-sets/enumerability.tex,174,174,11374,11410,0 & 1 & -1 & 2 & -2 & 3 & -3 & \dots,available,gu-interpolation.pdf,37,SyncTeX forward query at build/interpolation-body.tex:2398; target mapping method: exact adjacent source-correction disclosure marker. Printed page was not inferred.
OLSIZ-002,source_correction,normal,false,confirmed grammatical defect clarified by following formula,Translated the formula-controlled meaning and added an adjacent keyed note.,OLSIZ-002-O001,OLP-0031,OLP-0031:B0015,upstream/content/sets-functions-relations/size-of-sets/pairing.tex,91,91,3207,3219,\begin{prob},gu/content/sets-functions-relations/size-of-sets/pairing.tex,102,102,5951,6066,જો તે $\Nat$ના કોઈ સાન્ત ઉપગણનો પૂરક હોય; એટલે કે,available,gu-interpolation.pdf,40,SyncTeX forward query at build/interpolation-body.tex:2791; target mapping method: exact adjacent source-correction disclosure marker. Printed page was not inferred.
OLSIZ-003,source_correction,normal,false,"$\tuple{2,m}$","$\tuple{3,m}$",OLSIZ-003-O001,OLP-0032,OLP-0032:B0006,upstream/content/sets-functions-relations/size-of-sets/pairing-alt.tex,39,39,1651,1719,"Enter pairs $\tuple{2,m}$, $\tuple{2,m}$, etc., in the same way. Our",gu/content/sets-functions-relations/size-of-sets/pairing-alt.tex,42,42,2443,2508,"એ જ રીતે $\tuple{2,m}$, $\tuple{3,m}$ વગેરે",available,gu-interpolation.pdf,41,SyncTeX forward query at build/interpolation-body.tex:2860; target mapping method: exact adjacent source-correction disclosure marker. Printed page was not inferred.
OLSIZ-004,source_correction,normal,false,"[""$s_{k}$"", ""$s_{k}(n) = 1$"", ""$s_k(n) = 0$""]","[""$s$"", ""$s(n) = 1$"", ""$s(n) = 0$""]",OLSIZ-004-O001,OLP-0034,OLP-0034:B0011,upstream/content/sets-functions-relations/size-of-sets/reduction.tex,51,51,2100,2171,Define the function $f \colon \Pow{\PosInt} \to \Bin^\omega$ by letting,gu/content/sets-functions-relations/size-of-sets/reduction.tex,55,55,3866,3984,"$s(n) = 1$ ત્યારે અને માત્ર ત્યારે જ જ્યારે $n \in Z$, અને",available,gu-interpolation.pdf,45,SyncTeX forward query at build/interpolation-body.tex:3205; target mapping method: exact adjacent source-correction disclosure marker. Printed page was not inferred.
OLSIZ-005,source_correction,normal,false,confirmed codomain error finite string used as infinite sequence,"Appended an infinite tail of ones, producing a valid nonsurjective map into the intended codomain, and added an adjacent keyed note.",OLSIZ-005-O001,OLP-0034,OLP-0034:B0015,upstream/content/sets-functions-relations/size-of-sets/reduction.tex,85,85,3499,3514,\begin{explain},gu/content/sets-functions-relations/size-of-sets/reduction.tex,103,103,7736,7792,h(n) = \underbrace{000\dots0}_{\text{$n$ $0$'s}}111\dots,available,gu-interpolation.pdf,45,SyncTeX forward query at build/interpolation-body.tex:3250; target mapping method: exact adjacent source-correction disclosure marker. Printed page was not inferred.
OLSIZ-006,source_correction,normal,false,$g(x) = y$,$f(x) = y$,OLSIZ-006-O001,OLP-0035,OLP-0035:B0015,upstream/content/sets-functions-relations/size-of-sets/equinumerous-sets.tex,68,68,2303,2316,\begin{proof},gu/content/sets-functions-relations/size-of-sets/equinumerous-sets.tex,74,74,4407,4515,"  પરંતુ $f(x) = y$ થાય એવો કોઈ $x \in A$ ન હોત). બીજી તરફ,",available,gu-interpolation.pdf,46,SyncTeX forward query at build/interpolation-body.tex:3380; target mapping method: exact adjacent source-correction disclosure marker. Printed page was not inferred.
OLSIZ-006,source_correction,normal,false,$g(x) = y$,$f(x) = y$,OLSIZ-006-O002,OLP-0035,OLP-0035:B0015,upstream/content/sets-functions-relations/size-of-sets/equinumerous-sets.tex,69,69,2317,2384,"Suppose $\cardeq{A}{B}$, so there is some !!{bijection} $f \colon A",gu/content/sets-functions-relations/size-of-sets/equinumerous-sets.tex,90,90,5551,5665,  $f(x) = y$ થાય એવો કોઈ $x \in A$ ન હોત). હવે ધારો કે આપણું,available,gu-interpolation.pdf,46,SyncTeX forward query at build/interpolation-body.tex:3380; target mapping method: exact adjacent source-correction disclosure marker. Printed page was not inferred.
OLSIZ-007,source_correction,normal,false,$x \in \overline{A}$,$x \in A$,OLSIZ-007-O001,OLP-0036,OLP-0036:B0014,upstream/content/sets-functions-relations/size-of-sets/comparing-size.tex,91,91,3794,3857,"  in the range of~$g$, contradicting the assumption that~$g$ is",gu/content/sets-functions-relations/size-of-sets/comparing-size.tex,89,89,6562,6652,  દરેક $x \in A$ માટે $x \in g(x)$ જો અને માત્ર જો,available,gu-interpolation.pdf,47,SyncTeX forward query at build/interpolation-body.tex:3488; target mapping method: exact adjacent source-correction disclosure marker. Printed page was not inferred.
OLSIZ-008,source_correction,normal,false,confirmed reversed index description vs array,Translated the indexing in the order fixed by the array and added an adjacent keyed note.,OLSIZ-008-O001,OLP-0039,OLP-0039:B0011,upstream/content/sets-functions-relations/size-of-sets/non-enumerability-alt.tex,59,59,2388,2397,\end{thm},gu/content/sets-functions-relations/size-of-sets/non-enumerability-alt.tex,68,68,5188,5345,પ્રતીકશ્રેણીનો $m$મો અંક કહીએ. હવે આપણી યાદીને એવી સરણિ તરીકે,available,gu-interpolation.pdf,51,SyncTeX forward query at build/interpolation-body.tex:3784; target mapping method: exact adjacent source-correction disclosure marker. Printed page was not inferred.
OLSIZ-009,source_correction,normal,false,confirmed duplicated bit flip instruction,Restored the complementary 0-to-1 bit flip and added an adjacent keyed note.,OLSIZ-009-O001,OLP-0039,OLP-0039:B0012,upstream/content/sets-functions-relations/size-of-sets/non-enumerability-alt.tex,76,76,3162,3164,\],gu/content/sets-functions-relations/size-of-sets/non-enumerability-alt.tex,88,88,7037,7171,દરેક $1$ને $0$માં અને દરેક $0$ને~$1$માં બદલીને તેમ કરીએ છીએ.,available,gu-interpolation.pdf,51,SyncTeX forward query at build/interpolation-body.tex:3803; target mapping method: exact adjacent source-correction disclosure marker. Printed page was not inferred.
OLSIZ-010,source_correction,normal,false,"[""$s_{k}$"", ""$s_{k}(n) = 1$"", ""$s_k(n) = 0$""]","[""$s$"", ""$s(n) = 1$"", ""$s(n) = 0$""]",OLSIZ-010-O001,OLP-0040,OLP-0040:B0012,upstream/content/sets-functions-relations/size-of-sets/reduction-alt.tex,53,53,2141,2209,"$f(N)$ be the string $s_{k}$ such that $s_{k}(n) = 1$ iff $n \in N$,",gu/content/sets-functions-relations/size-of-sets/reduction-alt.tex,55,55,3765,3891,કરો: $f(N)$ એ એવી પ્રતીકશ્રેણી~$s$ છે કે $s(n) = 1$ ત્યારે અને,available,gu-interpolation.pdf,52,SyncTeX forward query at build/interpolation-body.tex:3935; target mapping method: exact adjacent source-correction disclosure marker. Printed page was not inferred.
OLSIZ-011,source_correction,normal,false,confirmed malformed three argument conditional,"Closed the positive footnote branch, supplied the empty negative branch, kept the following sentence outside the conditional, and added an adjacent keyed note.",OLSIZ-011-O001,OLP-0039,OLP-0039:B0010,upstream/content/sets-functions-relations/size-of-sets/non-enumerability-alt.tex,47,47,1884,1958,"$\{0,1\}$.)\oliflabeldef{sfr:card-arithmetic:card-opps:sec}{\footnote{More",gu/content/sets-functions-relations/size-of-sets/non-enumerability-alt.tex,50,50,3811,3844,સ્પષ્ટ થશે.}}{},available,gu-interpolation.pdf,50,SyncTeX forward query at build/interpolation-body.tex:3766; target mapping method: exact adjacent source-correction disclosure marker. Printed page was not inferred.
OLSIZ-012,source_correction,normal,false,confirmed duplicate cross section label,Changed only the target label section component from red to red-alt and added an adjacent keyed note.,OLSIZ-012-O001,OLP-0040,OLP-0040:B0018,upstream/content/sets-functions-relations/size-of-sets/reduction-alt.tex,107,107,4360,4427,  Show that the set~$X$ of all functions $f\colon \Nat \to \Nat$ is,gu/content/sets-functions-relations/size-of-sets/reduction-alt.tex,112,112,8157,8205,\begin{prob}\label{sfr:siz:red-alt:prob:nat-nat},available,gu-interpolation.pdf,53,SyncTeX forward query at build/interpolation-body.tex:3991; target mapping method: exact adjacent source-correction disclosure marker. Printed page was not inferred.
OLARI-001,source_correction,normal,false,$r - s$,$s - r$,OLARI-001-O001,OLP-0043,OLP-0043:B0006,upstream/content/sets-functions-relations/arithmetization/rationals.tex,53,53,2228,2301,"\intertext{To define $r \leq s$ on these rationals, we use the fact that ",gu/content/sets-functions-relations/arithmetization/rationals.tex,54,54,4325,4438,$s - r$ ઋણ ન હોય; એટલે કે $s - r$ને $\nicefrac{i}{j}$ સ્વરૂપે લખી,available,gu-interpolation.pdf,56,SyncTeX forward query at build/interpolation-body.tex:4194; target mapping method: exact adjacent source-correction disclosure marker. Printed page was not inferred.
OLARI-002,source_correction,normal,false,confirmed wrong premise for nonempty union,Invoked the stated nonemptiness premise and added an adjacent keyed note.,OLARI-002-O001,OLP-0045,OLP-0045:B0010,upstream/content/sets-functions-relations/arithmetization/cuts.tex,61,61,2698,2756,%\Setabs{p \in \Rat}{(\exists \alpha \in S)p \in \alpha}$$,gu/content/sets-functions-relations/arithmetization/cuts.tex,64,64,5062,5186,"\item $S$ અખાલી હોવાથી ઓછામાં ઓછો એક કાપ $S$માં છે, તેથી",available,gu-interpolation.pdf,58,SyncTeX forward query at build/interpolation-body.tex:4385; target mapping method: exact adjacent source-correction disclosure marker. Printed page was not inferred.
OLARI-003,source_correction,normal,false,confirmed quotient object category errors,"Named the equivalence classes in the construction, theorem and exercise and added one adjacent keyed note covering all three repairs.",OLARI-003-O001,OLP-0048,OLP-0048:B0009,upstream/content/sets-functions-relations/arithmetization/cauchy.tex,84,84,3742,3809,  A function $f: \Nat \to \Rat$ is a \emph{Cauchy sequence} iff for,gu/content/sets-functions-relations/arithmetization/cauchy.tex,101,101,10221,10375,સંખ્યાઓને સામ્ય \emph{વર્ગો} સાથે ઓળખવી પડશે. પહેલાં લક્ષમાં $0$,available,gu-interpolation.pdf,64,SyncTeX forward query at build/interpolation-body.tex:4818; target mapping method: exact adjacent source-correction disclosure marker. Printed page was not inferred.
OLARI-003,source_correction,normal,false,confirmed quotient object category errors,"Named the equivalence classes in the construction, theorem and exercise and added one adjacent keyed note covering all three repairs.",OLARI-003-O002,OLP-0048,OLP-0048:B0009,upstream/content/sets-functions-relations/arithmetization/cauchy.tex,85,85,3811,3877,  any positive $\epsilon \in \Rat$ we have that $(\exists \ell \in,gu/content/sets-functions-relations/arithmetization/cauchy.tex,162,162,16233,16370,કોશી શ્રેણીઓના સામ્ય વર્ગો ક્રમિત ક્ષેત્ર બનાવે છે.,available,gu-interpolation.pdf,64,SyncTeX forward query at build/interpolation-body.tex:4818; target mapping method: exact adjacent source-correction disclosure marker. Printed page was not inferred.
OLARI-003,source_correction,normal,false,confirmed quotient object category errors,"Named the equivalence classes in the construction, theorem and exercise and added one adjacent keyed note covering all three repairs.",OLARI-003-O003,OLP-0048,OLP-0048:B0009,upstream/content/sets-functions-relations/arithmetization/cauchy.tex,86,86,3879,3933,"  \Nat)(\forall m, n > \ell)|f(m) - f(n)| < \epsilon$.",gu/content/sets-functions-relations/arithmetization/cauchy.tex,170,170,16436,16606,કોશી શ્રેણીઓના સામ્ય વર્ગો ક્રમિત ક્ષેત્ર બનાવે છે તે સાબિત કરો.,available,gu-interpolation.pdf,64,SyncTeX forward query at build/interpolation-body.tex:4818; target mapping method: exact adjacent source-correction disclosure marker. Printed page was not inferred.
OLARI-004,source_correction,normal,false,$0_\Rat$,$0_\Real$,OLARI-004-O001,OLP-0048,OLP-0048:B0014,upstream/content/sets-functions-relations/arithmetization/cauchy.tex,137,137,6520,6582,"we have $q_{\Real} = \equivrep{c_{q}}{}$, where $c_{q}$ is the",gu/content/sets-functions-relations/arithmetization/cauchy.tex,146,146,14585,14655,0_\Real$ અને $(\exists \ell \in \Nat)(\forall n > \ell)0 < f(n)$,available,gu-interpolation.pdf,64,SyncTeX forward query at build/interpolation-body.tex:4853; target mapping method: exact adjacent source-correction disclosure marker. Printed page was not inferred.
OLINF-001,source_correction,normal,false,confirmed unbound carrier and missing self map constraints,"Made the carrier explicit throughout the controlling definition and lemma as f:A→A, X⊆A and o∈A, and added an adjacent keyed note.",OLINF-001-O001,OLP-0051,OLP-0051:B0006,upstream/content/sets-functions-relations/infinite/dedekind-algebra.tex,41,41,1585,1614,\begin{defn}\ollabel{Closure},gu/content/sets-functions-relations/infinite/dedekind-algebra.tex,41,41,2901,2989,	દરેક વિધેય $f \colon A \to A$ માટે ગણ $X \subseteq A$ એ,available,gu-interpolation.pdf,66,SyncTeX forward query at build/interpolation-body.tex:5038; target mapping method: exact adjacent source-correction disclosure marker. Printed page was not inferred.
OLINF-002,source_correction,low,false,\cardeq{\cardeq{A}{B}}{C},\cardeq{A}{B} and \cardeq{B}{C} (an equivalent explicit pair retained for readability),OLINF-002-O001,OLP-0054,OLP-0054:B0010,upstream/content/sets-functions-relations/infinite/card-sb.tex,52,52,1931,2014,"If $A \subseteq B \subseteq C$ and $A \approx C$, then $\cardeq{\cardeq{A}{B}}{C}$.",gu/content/sets-functions-relations/infinite/card-sb.tex,51,51,3231,3273,$\cardeq{A}{B}$ અને $\cardeq{B}{C}$.,available,gu-interpolation.pdf,70,SyncTeX forward query at build/interpolation-body.tex:5351; target mapping method: exact adjacent source-correction disclosure marker. Printed page was not inferred.
OLPL-001,source_correction,normal,false,$\lnot !A \lor !B)$,$\lnot !A \lor !B$,OLPL-001-O001,OLP-0058,OLP-0058:B0032,upstream/content/propositional-logic/syntax-and-semantics/formulas.tex,158,158,5998,6038,\tagitem{defIf}{$!A \lif !B$ abbreviates,gu/content/propositional-logic/syntax-and-semantics/formulas.tex,155,155,9533,9606,  \iftag{prvOr}{$\lnot !A \lor !B$}{$\lnot (!A \land \lnot !B)$}નું,available,gu-interpolation.pdf,73,SyncTeX forward query at build/interpolation-body.tex:5586; target mapping method: exact adjacent source-correction disclosure marker. Printed page was not inferred.
OLPL-002,source_correction,normal,false,$!A \equiv (!A_j \land !A_k)$,$!A \ident (!A_j \land !A_k)$,OLPL-002-O001,OLP-0060,OLP-0060:B0016,upstream/content/propositional-logic/syntax-and-semantics/formation-sequences.tex,141,141,4708,4761,$!A_n \in \Frm[L_0]$. Suppose instead that $!A \equiv,gu/content/propositional-logic/syntax-and-semantics/formation-sequences.tex,136,136,7390,7475,$!A_n\in\Frm[L_0]$. હવે તેના બદલે ધારો કે $!A\ident,available,gu-interpolation.pdf,76,SyncTeX forward query at build/interpolation-body.tex:5860; target mapping method: exact adjacent source-correction disclosure marker. Printed page was not inferred.
OLPRF-001,source_correction,normal,false,"!A_1, \dots, !A_m \Sequent !B_1, \dots, !B_m,","!A_1, \dots, !A_m \Sequent !B_1, \dots, !B_n,",OLPRF-001-O001,OLP-0065,OLP-0065:B0006,upstream/content/first-order-logic/proof-systems/sequent-calculus.tex,19,19,445,490,"!A_1, \dots, !A_m \Sequent !B_1, \dots, !B_m,",gu/content/first-order-logic/proof-systems/sequent-calculus.tex,19,19,634,679,"!A_1, \dots, !A_m \Sequent !B_1, \dots, !B_n,",available,gu-interpolation.pdf,81,SyncTeX forward query at build/interpolation-body.tex:6268; target mapping method: exact adjacent source-correction disclosure marker. Printed page was not inferred.
OLPRF-002,source_correction,normal,false,$\TRule{\False}{!A \land !B}$,$\TRule{\False}{\land}$,OLPRF-002-O001,OLP-0067,OLP-0067:B0007,upstream/content/first-order-logic/proof-systems/tableaux.tex,38,38,1525,1592,$\TRule{\False}{!A \land !B}$ allows a branch to be split by adding,gu/content/first-order-logic/proof-systems/tableaux.tex,37,37,2379,2494,ઉમેરવાની છૂટ આપે છે. નિયમ $\TRule{\False}{\land}$ શાખાને બે,available,gu-interpolation.pdf,83,SyncTeX forward query at build/interpolation-body.tex:6416; target mapping method: exact adjacent source-correction disclosure marker. Printed page was not inferred.
OLPRF-003,source_correction,normal,false,for some $!B_i \in \Gamma$,"for every $i=1,\dots,n$, $!B_i\in\Gamma$",OLPRF-003-O001,OLP-0067,OLP-0067:B0009,upstream/content/first-order-logic/proof-systems/tableaux.tex,70,70,2814,2841,for some $!B_i \in \Gamma$.,gu/content/first-order-logic/proof-systems/tableaux.tex,76,76,5163,5273,"$!B_i\in\Gamma$ હોય, તો ગણ $\Gamma$ !!{tableau} કલનમાં અસુસંગત છે.",available,gu-interpolation.pdf,83,SyncTeX forward query at build/interpolation-body.tex:6451; target mapping method: exact adjacent source-correction disclosure marker. Printed page was not inferred.
OLPRF-004,source_correction,normal,false,two occurrences of \TRule{\True}{\lif}[2],two occurrences of \TRule{\True}{\land}[2],OLPRF-004-O001,OLP-0067,OLP-0067:B0008,upstream/content/first-order-logic/proof-systems/tableaux.tex,59,59,2602,2611,        ],gu/content/first-order-logic/proof-systems/tableaux.tex,59,59,4313,4382,"        [\sFmla{\True}{\formula{A}}, just = {\TRule{\True}{\land}[2]}",available,gu-interpolation.pdf,83,SyncTeX forward query at build/interpolation-body.tex:6440; target mapping method: exact adjacent source-correction disclosure marker. Printed page was not inferred.
OLSEQ-001,source_correction,normal,false,four occurrences of \RightLabel{\RightR{\Exchange}},four occurrences of \RightLabel{\LeftR{\Exchange}},OLSEQ-001-O001,OLP-0075,OLP-0075:B0010,upstream/content/first-order-logic/sequent-calculus/proving-things.tex,86,86,3114,3145,\RightLabel{\RightR{\Exchange}},gu/content/first-order-logic/sequent-calculus/proving-things.tex,80,80,4742,4772,\RightLabel{\LeftR{\Exchange}},available,gu-interpolation.pdf,90,SyncTeX forward query at build/interpolation-body.tex:7102; target mapping method: exact adjacent source-correction disclosure marker. Printed page was not inferred.
OLSEQ-001,source_correction,normal,false,four occurrences of \RightLabel{\RightR{\Exchange}},four occurrences of \RightLabel{\LeftR{\Exchange}},OLSEQ-001-O002,OLP-0075,OLP-0075:B0010,upstream/content/first-order-logic/sequent-calculus/proving-things.tex,104,104,3771,3802,\RightLabel{\RightR{\Exchange}},gu/content/first-order-logic/sequent-calculus/proving-things.tex,102,102,6265,6295,\RightLabel{\LeftR{\Exchange}},available,gu-interpolation.pdf,90,SyncTeX forward query at build/interpolation-body.tex:7102; target mapping method: exact adjacent source-correction disclosure marker. Printed page was not inferred.
OLSEQ-001,source_correction,normal,false,four occurrences of \RightLabel{\RightR{\Exchange}},four occurrences of \RightLabel{\LeftR{\Exchange}},OLSEQ-001-O003,OLP-0075,OLP-0075:B0011,upstream/content/first-order-logic/sequent-calculus/proving-things.tex,125,125,4477,4508,\RightLabel{\RightR{\Exchange}},gu/content/first-order-logic/sequent-calculus/proving-things.tex,123,123,7157,7187,\RightLabel{\LeftR{\Exchange}},available,gu-interpolation.pdf,90,SyncTeX forward query at build/interpolation-body.tex:7102; target mapping method: exact adjacent source-correction disclosure marker. Printed page was not inferred.
OLSEQ-001,source_correction,normal,false,four occurrences of \RightLabel{\RightR{\Exchange}},four occurrences of \RightLabel{\LeftR{\Exchange}},OLSEQ-001-O004,OLP-0075,OLP-0075:B0011,upstream/content/first-order-logic/sequent-calculus/proving-things.tex,147,147,5241,5272,\RightLabel{\RightR{\Exchange}},gu/content/first-order-logic/sequent-calculus/proving-things.tex,145,145,8032,8062,\RightLabel{\LeftR{\Exchange}},available,gu-interpolation.pdf,90,SyncTeX forward query at build/interpolation-body.tex:7102; target mapping method: exact adjacent source-correction disclosure marker. Printed page was not inferred.
OLSEQ-002,source_correction,normal,false,two prose occurrences of \lnot !A \lor !B,two prose occurrences of \lnot !A \lor \lnot !B,OLSEQ-002-O001,OLP-0075,OLP-0075:B0013,upstream/content/first-order-logic/sequent-calculus/proving-things.tex,178,178,6431,6492,"\lnot !A \lor !B \Sequent \quad$ or the sequent $!B, \lnot !A",gu/content/first-order-logic/sequent-calculus/proving-things.tex,173,173,9589,9676,"$!A, \lnot !A \lor \lnot !B \Sequent \quad$થી અથવા સિક્વન્ટ",available,gu-interpolation.pdf,91,SyncTeX forward query at build/interpolation-body.tex:7193; target mapping method: exact adjacent source-correction disclosure marker. Printed page was not inferred.
OLSEQ-002,source_correction,normal,false,two prose occurrences of \lnot !A \lor !B,two prose occurrences of \lnot !A \lor \lnot !B,OLSEQ-002-O002,OLP-0075,OLP-0075:B0013,upstream/content/first-order-logic/sequent-calculus/proving-things.tex,179,179,6493,6560,\lor !B \Sequent \quad$. Since the !!{derivation} is symmetric with,gu/content/first-order-logic/sequent-calculus/proving-things.tex,174,174,9677,9770,"$!B, \lnot !A \lor \lnot !B \Sequent \quad$થી શરૂ કરી શકીએ છીએ.",available,gu-interpolation.pdf,91,SyncTeX forward query at build/interpolation-body.tex:7193; target mapping method: exact adjacent source-correction disclosure marker. Printed page was not inferred.
OLSEQ-003,source_correction,normal,false,natural deduction,sequent calculus,OLSEQ-003-O001,OLP-0077,OLP-0077:B0004,upstream/content/first-order-logic/sequent-calculus/proof-theoretic-notions.tex,11,11,261,297,  consistency for natural deduction.,gu/content/first-order-logic/sequent-calculus/proof-theoretic-notions.tex,10,10,189,355,  આ વિભાગ સિક્વન્ટ કલન માટે સાબિત કરી શકાય તેવા હોવાના સંબંધ અને,available,gu-interpolation.pdf,94,SyncTeX forward query at build/interpolation-body.tex:7460; target mapping method: exact adjacent source-correction disclosure marker. Printed page was not inferred.
OLSEQ-004,source_correction,normal,false,"unqualified \Theta=!A,\Gamma while treating both rules","left: \Theta=!A,\Gamma and \Xi=\Delta; right: \Theta=\Gamma and \Xi=\Delta,!A",OLSEQ-004-O001,OLP-0081,OLP-0081:B0015,upstream/content/first-order-logic/sequent-calculus/soundness.tex,98,98,3903,3969,"  then $!C \in \Theta$ as well since $\Theta = !A, \Gamma$, and so",gu/content/first-order-logic/sequent-calculus/soundness.tex,99,99,6741,6843,"  $\Theta = !A, \Gamma$ અને જમણા શિથિલીકરણમાં $\Theta = \Gamma$;",available,gu-interpolation.pdf,100,SyncTeX forward query at build/interpolation-body.tex:8019; target mapping method: exact adjacent source-correction disclosure marker. Printed page was not inferred.
OLSEQ-004,source_correction,normal,false,"unqualified \Theta=!A,\Gamma while treating both rules","left: \Theta=!A,\Gamma and \Xi=\Delta; right: \Theta=\Gamma and \Xi=\Delta,!A",OLSEQ-004-O002,OLP-0081,OLP-0081:B0015,upstream/content/first-order-logic/sequent-calculus/soundness.tex,99,99,3970,4036,  $\iftag{FOL}{\Sat/{M}}{\pSat/{v}}{!C}$ for some $!C \in \Theta$.,gu/content/first-order-logic/sequent-calculus/soundness.tex,104,104,7240,7351,"  $\Xi = \Delta, !A$; તેથી બંને કિસ્સામાં કોઈ $!C \in \Xi$ માટે",available,gu-interpolation.pdf,100,SyncTeX forward query at build/interpolation-body.tex:8019; target mapping method: exact adjacent source-correction disclosure marker. Printed page was not inferred.
OLSEQ-005,source_correction,normal,false,\Gamma \Sequent \Delta,"!A \land !B,\Gamma \Sequent \Delta",OLSEQ-005-O001,OLP-0081,OLP-0081:B0016,upstream/content/first-order-logic/sequent-calculus/soundness.tex,158,158,7175,7243,"  \land !B$ is inferred from $!B$ is handled the same, changing $!A$",gu/content/first-order-logic/sequent-calculus/soundness.tex,168,168,12128,12223,"  $!A \land !B, \Gamma \Sequent \Delta$ પ્રામાણ્ય છે. $!B$માંથી",available,gu-interpolation.pdf,101,SyncTeX forward query at build/interpolation-body.tex:8083; target mapping method: exact adjacent source-correction disclosure marker. Printed page was not inferred.
OLSEQ-006,source_correction,normal,false,\Pi \setminus \Lambda,\Pi \Sequent \Lambda,OLSEQ-006-O001,OLP-0081,OLP-0081:B0017,upstream/content/first-order-logic/sequent-calculus/soundness.tex,288,288,14013,14072,"  premise, it must satisfy $\Pi \setminus \Lambda$.  Again,",gu/content/first-order-logic/sequent-calculus/soundness.tex,308,308,23408,23495,"  $\Pi \Sequent \Lambda$ને સંતોષવું જ પડે. ફરીથી,",available,gu-interpolation.pdf,102,SyncTeX forward query at build/interpolation-body.tex:8222; target mapping method: exact adjacent source-correction disclosure marker. Printed page was not inferred.
OLND-001,source_correction,normal,false,other sequents,other sentences,OLND-001-O001,OLP-0085,OLP-0085:B0008,upstream/content/first-order-logic/natural-deduction/rules-and-proofs.tex,33,33,1038,1107,"!!a{sentence} stands below one, two, or three other sequents, it must",gu/content/first-order-logic/natural-deduction/rules-and-proofs.tex,32,32,1802,1961,"બીજા એક, બે કે ત્રણ !!{sentence}sની નીચે આવે, તો તે અનુમાનના કોઈ નિયમથી",available,gu-interpolation.pdf,105,SyncTeX forward query at build/interpolation-body.tex:8507; target mapping method: exact adjacent source-correction disclosure marker. Printed page was not inferred.
OLND-002,source_correction,normal,false,sentence in the end-sequent,sentence in the conclusion,OLND-002-O001,OLP-0089,OLP-0089:B0011,upstream/content/first-order-logic/natural-deduction/proving-things.tex,67,67,2072,2141,"!!{sentence} in the end-sequent, while $\lnot$, $\lor$ and the second",gu/content/first-order-logic/natural-deduction/proving-things.tex,59,59,2832,2989,"પ્રથમ આવર્તનની જ ચિંતા છે, કારણ કે તે ફલિતવાક્યમાંના !!{sentence}નો",available,gu-interpolation.pdf,109,SyncTeX forward query at build/interpolation-body.tex:8882; target mapping method: exact adjacent source-correction disclosure marker. Printed page was not inferred.
OLND-003,source_correction,normal,false,\RightLabel{\Intro{\lfalse}},\RightLabel{\Elim{\lnot}},OLND-003-O001,OLP-0089,OLP-0089:B0013,upstream/content/first-order-logic/natural-deduction/proving-things.tex,133,133,4642,4670,\RightLabel{\Intro{\lfalse}},gu/content/first-order-logic/natural-deduction/proving-things.tex,125,125,7046,7071,\RightLabel{\Elim{\lnot}},available,gu-interpolation.pdf,110,SyncTeX forward query at build/interpolation-body.tex:8959; target mapping method: exact adjacent source-correction disclosure marker. Printed page was not inferred.
OLND-004,source_correction,normal,false,\lexists[x][!A(x)],\lexists[x][\lnot !A(x)],OLND-004-O001,OLP-0090,OLP-0090:B0007,upstream/content/first-order-logic/natural-deduction/proving-things-quant.tex,39,39,1443,1502,$\lexists[x][!A(x)]$ or any assumptions that it depends on.,gu/content/first-order-logic/natural-deduction/proving-things-quant.tex,35,35,2072,2194,$\lexists[x][\lnot !A(x)]$માં કે તે જેના પર આધાર રાખે છે એવી કોઈ,available,gu-interpolation.pdf,113,SyncTeX forward query at build/interpolation-body.tex:9155; target mapping method: exact adjacent source-correction disclosure marker. Printed page was not inferred.
OLND-005,source_correction,normal,false,\Elim{\exists},\Elim{\lexists},OLND-005-O001,OLP-0090,OLP-0090:B0008,upstream/content/first-order-logic/natural-deduction/proving-things-quant.tex,91,91,3708,3777,"eigenvariable condition was \Elim{\exists}, and the eigenvariable~$a$",gu/content/first-order-logic/natural-deduction/proving-things-quant.tex,88,88,5633,5775,આઇગનચલ-શરતને આધીન એકમાત્ર નિયમ \Elim{\lexists} હતો; તથા આઇગનચલ~$a$,available,gu-interpolation.pdf,114,SyncTeX forward query at build/interpolation-body.tex:9208; target mapping method: exact adjacent source-correction disclosure marker. Printed page was not inferred.
OLND-006,source_correction,normal,false,\Elim{\forall},\Elim{\lforall},OLND-006-O001,OLP-0095,OLP-0095:B0020,upstream/content/first-order-logic/natural-deduction/soundness.tex,207,207,9000,9053,\item The last inference is \Elim{\forall}: Exercise.,gu/content/first-order-logic/natural-deduction/soundness.tex,202,202,13413,13521,\item છેલ્લું અનુમાન \Elim{\lforall} છે: અભ્યાસપ્રશ્ન.,available,gu-interpolation.pdf,123,SyncTeX forward query at build/interpolation-body.tex:10006; target mapping method: exact adjacent source-correction disclosure marker. Printed page was not inferred.
OLTAB-001,source_correction,normal,false,natural deduction,tableaux,OLTAB-001-O001,OLP-0098,OLP-0098:B0006,upstream/content/first-order-logic/tableaux/tableaux.tex,15,15,296,361,To include or exclude material relevant to natural deduction as a,gu/content/first-order-logic/tableaux/tableaux.tex,15,15,411,592,ટેબ્લોને સાબિતી-પ્રણાલી તરીકે લગતી સામગ્રી સામેલ કરવા કે કાઢવા માટે,available,gu-interpolation.pdf,125,SyncTeX forward query at build/interpolation-body.tex:10280; target mapping method: exact adjacent source-correction disclosure marker. Printed page was not inferred.
OLTAB-002,source_correction,normal,false,"\sFmla{\True}{!A \lor !B, \lnot !B}","\sFmla{\True}{!A \lor !B}, \sFmla{\True}{\lnot !B}",OLTAB-002-O001,OLP-0103,OLP-0103:B0016,upstream/content/first-order-logic/tableaux/proving-things.tex,439,439,17220,17284,"\item $\sFmla{\True}{!A \lor !B, \lnot !B}, \sFmla{\False}{!A}$.",gu/content/first-order-logic/tableaux/proving-things.tex,437,437,21001,21059,"\item $\sFmla{\True}{!A \lor !B}, \sFmla{\True}{\lnot !B},",available,gu-interpolation.pdf,133,SyncTeX forward query at build/interpolation-body.tex:11078; target mapping method: exact adjacent source-correction disclosure marker. Printed page was not inferred.
OLTAB-003,source_correction,normal,false,"!D_1,\dots,!D_m\subseteq\Gamma","\{!D_1,\dots,!D_m\}\subseteq\Gamma",OLTAB-003-O001,OLP-0105,OLP-0105:B0016,upstream/content/first-order-logic/tableaux/proof-theoretic-notions.tex,105,105,2952,3007,"  are $!D_1$, \dots, $!D_m \subseteq \Gamma$ such that}",gu/content/first-order-logic/tableaux/proof-theoretic-notions.tex,106,106,4445,4531,"  સાન્ત ઉપગણ $\{!D_1, \dots, !D_m\} \subseteq \Gamma$ છે કે}",available,gu-interpolation.pdf,138,SyncTeX forward query at build/interpolation-body.tex:11562; target mapping method: exact adjacent source-correction disclosure marker. Printed page was not inferred.
OLTAB-004,source_correction,normal,false,C_n,C_m,OLTAB-004-O001,OLP-0106,OLP-0106:B0008,upstream/content/first-order-logic/tableaux/provability-consistency.tex,26,26,719,771,"  =\{!C_1, \dots, !C_n\} \subseteq \Gamma$ such that",gu/content/first-order-logic/tableaux/provability-consistency.tex,26,26,1015,1071,"  =\{!C_1, \dots, !C_m\} \subseteq \Gamma$ છે કે",available,gu-interpolation.pdf,139,SyncTeX forward query at build/interpolation-body.tex:11650; target mapping method: exact adjacent source-correction disclosure marker. Printed page was not inferred.
OLTAB-005,source_correction,normal,false,\sFmla{\False}{!A},\sFmla{\True}{\lnot !A},OLTAB-005-O001,OLP-0106,OLP-0106:B0014,upstream/content/first-order-logic/tableaux/provability-consistency.tex,92,92,3257,3319,  \TRule{\True}{\lnot} applied to \sFmla{\False}{!A} after the,gu/content/first-order-logic/tableaux/provability-consistency.tex,96,96,5101,5185,  \sFmla{\True}{\lnot !A}થી બદલો અને \sFmla{\True}{\lnot !A}ને,available,gu-interpolation.pdf,139,SyncTeX forward query at build/interpolation-body.tex:11714; target mapping method: exact adjacent source-correction disclosure marker. Printed page was not inferred.
OLTAB-006,source_correction,normal,false,\sFmla{\True{\formula{X}}},\sFmla{\True}{\formula{X}},OLTAB-006-O001,OLP-0107,OLP-0107:B0009,upstream/content/first-order-logic/tableaux/provability-propositional.tex,43,43,1391,1459,"          [\sFmla{\True{\formula{A}}},just={\TRule{\True}{\land}[2]}",gu/content/first-order-logic/tableaux/provability-propositional.tex,63,63,2591,2642,"          [\sFmla{\True}{\formula{A}}, just = \TAss",available,gu-interpolation.pdf,140,SyncTeX forward query at build/interpolation-body.tex:11829; target mapping method: exact adjacent source-correction disclosure marker. Printed page was not inferred.
OLTAB-007,source_correction,normal,false,\sFmla{\False{\formula{X}}},\sFmla{\False}{\formula{X}},OLTAB-007-O001,OLP-0107,OLP-0107:B0011,upstream/content/first-order-logic/tableaux/provability-propositional.tex,106,106,3811,3880,"          [\sFmla{\False{\formula{A}}},just={\TRule{\False}{\lor}[1]}",gu/content/first-order-logic/tableaux/provability-propositional.tex,121,121,5242,5311,"          [\sFmla{\False}{\formula{A}},just={\TRule{\False}{\lor}[1]}",available,gu-interpolation.pdf,141,SyncTeX forward query at build/interpolation-body.tex:11886; target mapping method: exact adjacent source-correction disclosure marker. Printed page was not inferred.
OLTAB-008,source_correction,normal,false,final in-math comma,none,OLTAB-008-O001,OLP-0108,OLP-0108:B0009,upstream/content/first-order-logic/tableaux/provability-quantifiers.tex,79,79,2694,2769,"  $\sFmla{\False}{\formula{A}(t)}, \sFmla{\True}{\lforall[x][!A(x)]}, $ is:",gu/content/first-order-logic/tableaux/provability-quantifiers.tex,79,79,3421,3510,  \sFmla{\True}{\lforall[x][!A(x)]}$ માટેનો બંધ !!{tableau} આ છે:,available,gu-interpolation.pdf,143,SyncTeX forward query at build/interpolation-body.tex:12022; target mapping method: exact adjacent source-correction disclosure marker. Printed page was not inferred.
OLTAB-009,source_correction,normal,false,B in five quantified-premise occurrences,A in the same occurrences,OLTAB-009-O001,OLP-0109,OLP-0109:B0015,upstream/content/first-order-logic/tableaux/soundness.tex,128,128,5930,5997,  $\sFmla{\True}{\lforall[x][!B(x)]} \in \Gamma$: This results in a,gu/content/first-order-logic/tableaux/soundness.tex,123,123,9956,10014,\item $\sFmla{\True}{\lforall[x][!A(x)]} \in \Gamma$ને,available,gu-interpolation.pdf,145,SyncTeX forward query at build/interpolation-body.tex:12177; target mapping method: exact adjacent source-correction disclosure marker. Printed page was not inferred.
OLTAB-010,source_correction,normal,false,\eq[t_1][t_2],\eq[s_1][s_2],OLTAB-010-O001,OLP-0110,OLP-0110:B0010,upstream/content/first-order-logic/tableaux/identity.tex,89,89,2879,2934,"$\eq[t_1][t_2]$ (i.e., line~$2$) and $!A(s_3)$ into the",gu/content/first-order-logic/tableaux/identity.tex,92,92,4300,4406,$\eq[s_1][x]$ તરીકે વિચારો; તેથી $!A(s_2)$ એ $\eq[s_1][s_2]$ (એટલે,available,gu-interpolation.pdf,147,SyncTeX forward query at build/interpolation-body.tex:12345; target mapping method: exact adjacent source-correction disclosure marker. Printed page was not inferred.
OLTAB-011,source_correction,normal,false,A(s2) as prerequisite,A(s1) as prerequisite,OLTAB-011-O001,OLP-0110,OLP-0110:B0009,upstream/content/first-order-logic/tableaux/identity.tex,69,69,1995,2070,"Line~$3$ is the second one, of the form $\sFmla{\True}{!A(s_2)}$---think of",gu/content/first-order-logic/tableaux/identity.tex,68,68,2579,2705,$\sFmla{\True}{!A(s_1)}$ સ્વરૂપનું બીજું આવશ્યક સૂત્ર છે---$!A(x)$ને,available,gu-interpolation.pdf,146,SyncTeX forward query at build/interpolation-body.tex:12321; target mapping method: exact adjacent source-correction disclosure marker. Printed page was not inferred.
OLTAB-012,source_correction,normal,false,S,\True,OLTAB-012-O001,OLP-0111,OLP-0111:B0009,upstream/content/first-order-logic/tableaux/soundness-identity.tex,31,31,943,998,"!!{formula}~$\sFmla{S}{!A(t_2)}$, but $\Gamma$ contains",gu/content/first-order-logic/tableaux/soundness-identity.tex,30,30,1544,1644,"!!{formula}~$\sFmla{\True}{!A(t_2)}$ ઉમેરીએ છીએ, પરંતુ $\Gamma$માં",available,gu-interpolation.pdf,147,SyncTeX forward query at build/interpolation-body.tex:12401; target mapping method: exact adjacent source-correction disclosure marker. Printed page was not inferred.
OLAX-001,source_correction,normal,false,of after PAx,none,OLAX-001-O001,OLP-0114,OLP-0114:B0006,upstream/content/first-order-logic/axiomatic-deduction/axioms-rules-propositional.tex,16,16,340,418,The set of $\PAx$ of \emph{axioms} for the propositional connectives comprises,gu/content/first-order-logic/axiomatic-deduction/axioms-rules-propositional.tex,16,16,448,602,વિધાનાત્મક સંયોજકો માટેની \emph{સ્વયંસિદ્ધિઓ}નો ગણ~$\PAx$ નીચેના,available,gu-interpolation.pdf,148,SyncTeX forward query at build/interpolation-body.tex:12572; target mapping method: exact adjacent source-correction disclosure marker. Printed page was not inferred.
OLAX-002,source_correction,normal,false,two structurally orphaned item commands,enumerate wrapper,OLAX-002-O001,OLP-0115,OLP-0115:B0007,upstream/content/first-order-logic/axiomatic-deduction/axioms-rules-quantifiers.tex,23,23,518,553,\begin{defn}[Rules for quantifiers],gu/content/first-order-logic/axiomatic-deduction/axioms-rules-quantifiers.tex,24,24,887,904,\begin{enumerate},available,gu-interpolation.pdf,150,SyncTeX forward query at build/interpolation-body.tex:12614; target mapping method: exact adjacent source-correction disclosure marker. Printed page was not inferred.
OLAX-003,source_correction,normal,false,a absent only from Gamma and B,"a absent from Gamma, B, and A(x)",OLAX-003-O001,OLP-0115,OLP-0115:B0007,upstream/content/first-order-logic/axiomatic-deduction/axioms-rules-quantifiers.tex,25,25,624,675,"  does not occur in~$\Gamma$ or~$!B$, then $!B \lif",gu/content/first-order-logic/axiomatic-deduction/axioms-rules-quantifiers.tex,26,26,1016,1111,"  $a$ એ~$\Gamma$, $!B$ કે~$!A(x)$માં ન આવતું હોય, તો $!B \lif",available,gu-interpolation.pdf,149,SyncTeX forward query at build/interpolation-body.tex:12619; target mapping method: exact adjacent source-correction disclosure marker. Printed page was not inferred.
OLAX-004,source_correction,normal,false,same rule,same reason,OLAX-004-O001,OLP-0118,OLP-0118:B0015,upstream/content/first-order-logic/axiomatic-deduction/proof-theoretic-notions.tex,82,82,2654,2718,  since every $B_i = !A$ is now justified by the same rule which,gu/content/first-order-logic/axiomatic-deduction/proof-theoretic-notions.tex,82,82,4263,4393,  દરેક $!B_i = !A$ હવે એ જ કારણથી પ્રમાણિત થાય છે જે~$!A_k = !A$ને,available,gu-interpolation.pdf,152,SyncTeX forward query at build/interpolation-body.tex:12858; target mapping method: exact adjacent source-correction disclosure marker. Printed page was not inferred.
OLAX-005,source_correction,normal,false,unbalanced outer consequent,final closing parenthesis,OLAX-005-O001,OLP-0119,OLP-0119:B0018,upstream/content/first-order-logic/axiomatic-deduction/deduction-theorem.tex,106,106,3978,4024,\item $\Proves (!A \lif !B) \lif ((!B \lif !C),gu/content/first-order-logic/axiomatic-deduction/deduction-theorem.tex,112,112,6730,6775,  \lif (!A \lif !C))$; \ollabel{derivfacts:a},available,gu-interpolation.pdf,155,SyncTeX forward query at build/interpolation-body.tex:13031; target mapping method: exact adjacent source-correction disclosure marker. Printed page was not inferred.
OLAX-006,source_correction,normal,false,unbalanced consequent,final closing parenthesis,OLAX-006-O001,OLP-0120,OLP-0120:B0009,upstream/content/first-order-logic/axiomatic-deduction/deduction-theorem-quantifiers.tex,44,44,1695,1794,"    & \Proves ((!A \land !C) \lif \lforall[x][!D(x)]) \lif (!A \lif (!C \lif \lforall[x][!D(x)]),\\",gu/content/first-order-logic/axiomatic-deduction/deduction-theorem-quantifiers.tex,43,43,2514,2614,"    & \Proves ((!A \land !C) \lif \lforall[x][!D(x)]) \lif (!A \lif (!C \lif \lforall[x][!D(x)])),\\",available,gu-interpolation.pdf,155,SyncTeX forward query at build/interpolation-body.tex:13091; target mapping method: exact adjacent source-correction disclosure marker. Printed page was not inferred.
OLAX-007,source_correction,normal,false,\Gamma \Proves !B,\Gamma \Proves !A \lif !B,OLAX-007-O001,OLP-0120,OLP-0120:B0009,upstream/content/first-order-logic/axiomatic-deduction/deduction-theorem-quantifiers.tex,48,48,1903,1929,"i.e., $\Gamma \Proves !B$.",gu/content/first-order-logic/axiomatic-deduction/deduction-theorem-quantifiers.tex,47,47,2761,2802,એટલે $\Gamma \Proves !A \lif !B$.,available,gu-interpolation.pdf,156,SyncTeX forward query at build/interpolation-body.tex:13097; target mapping method: exact adjacent source-correction disclosure marker. Printed page was not inferred.
OLAX-008,source_correction,normal,false,second reference ax:land1,second reference ax:land2,OLAX-008-O001,OLP-0122,OLP-0122:B0008,upstream/content/first-order-logic/axiomatic-deduction/provability-propositional.tex,33,33,1002,1067,    \item From \olref[prp]{ax:land1} and \olref[prp]{ax:land1} by,gu/content/first-order-logic/axiomatic-deduction/provability-propositional.tex,34,34,1447,1535,      \olref[prp]{ax:land2}માંથી મોડસ પોનેન્સ વડે.,available,gu-interpolation.pdf,157,SyncTeX forward query at build/interpolation-body.tex:13227; target mapping method: exact adjacent source-correction disclosure marker. Printed page was not inferred.
OLAX-009,source_correction,normal,false,reference ax:lnot1,reference ax:lnot2,OLAX-009-O001,OLP-0122,OLP-0122:B0010,upstream/content/first-order-logic/axiomatic-deduction/provability-propositional.tex,50,50,1447,1515,  \item From \olref[prp]{ax:lnot1} we get $\Proves \lnot !A \lif (!A,gu/content/first-order-logic/axiomatic-deduction/provability-propositional.tex,55,55,2426,2470,  \item \olref[prp]{ax:lnot2}માંથી,available,gu-interpolation.pdf,157,SyncTeX forward query at build/interpolation-body.tex:13257; target mapping method: exact adjacent source-correction disclosure marker. Printed page was not inferred.
OLAX-010,source_correction,normal,false,modus ponsens,modus ponens,OLAX-010-O001,OLP-0122,OLP-0122:B0010,upstream/content/first-order-logic/axiomatic-deduction/provability-propositional.tex,58,58,1963,1975,    ponsens.,gu/content/first-order-logic/axiomatic-deduction/provability-propositional.tex,34,34,1447,1535,      \olref[prp]{ax:land2}માંથી મોડસ પોનેન્સ વડે.,available,gu-interpolation.pdf,157,SyncTeX forward query at build/interpolation-body.tex:13263; target mapping method: exact adjacent source-correction disclosure marker. Printed page was not inferred.
OLAX-011,source_correction,normal,false,\top,\ltrue,OLAX-011-O001,OLP-0123,OLP-0123:B0009,upstream/content/first-order-logic/axiomatic-deduction/provability-quantifiers.tex,29,29,806,870,"$c$ does not occur in $\Gamma$ or~$\top$, we get $\Gamma \Proves",gu/content/first-order-logic/axiomatic-deduction/provability-quantifiers.tex,29,29,1069,1142,"$\Gamma$ કે~$\ltrue$માં આવતું નથી, તેથી",available,gu-interpolation.pdf,157,SyncTeX forward query at build/interpolation-body.tex:13315; target mapping method: exact adjacent source-correction disclosure marker. Printed page was not inferred.
OLAX-012,source_correction,normal,false,deduction theorem again,ltrue axiom plus modus ponens,OLAX-012-O001,OLP-0123,OLP-0123:B0009,upstream/content/first-order-logic/axiomatic-deduction/provability-quantifiers.tex,30,30,871,951,"\ltrue \lif \lforall[x][!A(x)]$. By the deduction theorem again, $\Gamma \Proves",gu/content/first-order-logic/axiomatic-deduction/provability-quantifiers.tex,31,31,1219,1325,$\ltrue$ સ્વયંસિદ્ધિ હોવાથી મોડસ પોનેન્સ વડે,available,gu-interpolation.pdf,158,SyncTeX forward query at build/interpolation-body.tex:13320; target mapping method: exact adjacent source-correction disclosure marker. Printed page was not inferred.
OLAX-013,source_correction,normal,false,B(x) or B(c) without marker,B(x) or B(c) with marker,OLAX-013-O001,OLP-0124,OLP-0124:B0012,upstream/content/first-order-logic/axiomatic-deduction/soundness.tex,80,80,3058,3122,\QR. Then that step has the form $!C \lif \lforall[x][B(x)]$ and,gu/content/first-order-logic/axiomatic-deduction/soundness.tex,114,114,8620,8693,$\Gamma \cup \{!C\} \Entails !B(c)$ હોવાથી $\Sat{M'}{!B(c)}$.,available,gu-interpolation.pdf,159,SyncTeX forward query at build/interpolation-body.tex:13462; target mapping method: exact adjacent source-correction disclosure marker. Printed page was not inferred.
OLAX-014,source_correction,normal,false,unstated remaining axiom cases,q2 substitution direction and propositional truth-table cases,OLAX-014-O001,OLP-0124,OLP-0124:B0008,upstream/content/first-order-logic/axiomatic-deduction/soundness.tex,42,42,1333,1397,\iftag{FOL}{We have to verify that all the axioms are valid. For,gu/content/first-order-logic/axiomatic-deduction/soundness.tex,57,57,3875,4030,"  પ્રામાણ્ય છે, અને વિધાનાત્મક સ્વયંસિદ્ધિઓની પ્રામાણ્યતા",available,gu-interpolation.pdf,158,SyncTeX forward query at build/interpolation-body.tex:13394; target mapping method: exact adjacent source-correction disclosure marker. Printed page was not inferred.
OLAX-015,source_correction,normal,false,"arbitrary terms t, t1 and t2","closed terms t, t1 and t2",OLAX-015-O001,OLP-0125,OLP-0125:B0011,upstream/content/first-order-logic/axiomatic-deduction/identity.tex,39,39,886,949," $\Gamma \Proves \eq[t][t]$, for any term $t$ and set~$\Gamma$.",gu/content/first-order-logic/axiomatic-deduction/identity.tex,43,43,1452,1541,"  જો બંધ પદો $t_1$, $t_2$ માટે $\Gamma \Proves !A(t_1)$ અને",available,gu-interpolation.pdf,160,SyncTeX forward query at build/interpolation-body.tex:13537; target mapping method: exact adjacent source-correction disclosure marker. Printed page was not inferred.
OLAX-016,source_correction,normal,false,B_i without marker,B_i with marker,OLAX-016-O001,OLP-0118,OLP-0118:B0015,upstream/content/first-order-logic/axiomatic-deduction/proof-theoretic-notions.tex,82,82,2654,2718,  since every $B_i = !A$ is now justified by the same rule which,gu/content/first-order-logic/axiomatic-deduction/proof-theoretic-notions.tex,82,82,4263,4393,  દરેક $!B_i = !A$ હવે એ જ કારણથી પ્રમાણિત થાય છે જે~$!A_k = !A$ને,available,gu-interpolation.pdf,153,SyncTeX forward query at build/interpolation-body.tex:12864; target mapping method: exact adjacent source-correction disclosure marker. Printed page was not inferred.
OLAX-017,source_correction,normal,false,\in \Gamma \cup \{!A\} without a left operand,!B \in \Gamma \cup \{!A\},OLAX-017-O001,OLP-0119,OLP-0119:B0014,upstream/content/first-order-logic/axiomatic-deduction/deduction-theorem.tex,67,67,2367,2437,either $\in \Gamma \cup \{!A\}$ or is an axiom.  If $!B \in \Gamma$ or,gu/content/first-order-logic/axiomatic-deduction/deduction-theorem.tex,64,64,3417,3550,!!^a{derivation} માત્ર~$!B$થી બને છે; અને તે યોગ્ય હોય તો $!B$ કાં તો,available,gu-interpolation.pdf,154,SyncTeX forward query at build/interpolation-body.tex:12979; target mapping method: exact adjacent source-correction disclosure marker. Printed page was not inferred.
OLAX-018,source_correction,normal,false,valid in both renderings,valid for FOL and tautological for PL,OLAX-018-O001,OLP-0124,OLP-0124:B0006,upstream/content/first-order-logic/axiomatic-deduction/soundness.tex,22,22,614,654,\item every !!{derivable}~$!A$ is valid;,gu/content/first-order-logic/axiomatic-deduction/soundness.tex,22,22,1025,1140,\item દરેક !!{derivable}~$!A$ \iftag{FOL}{પ્રામાણ્ય}{પુનરુક્તિ} છે;,available,gu-interpolation.pdf,158,SyncTeX forward query at build/interpolation-body.tex:13368; target mapping method: exact adjacent source-correction disclosure marker. Printed page was not inferred.
OLCO-001,source_correction,normal,false,duplicated definite article,none,OLCO-001-O001,OLP-0127,OLP-0127:B0009,upstream/content/first-order-logic/completeness/introduction.tex,61,61,2874,2934,\emph{the proof of} the completeness theorem to establish it,gu/content/first-order-logic/completeness/introduction.tex,55,55,5468,5632,"ફલિત થાય છે, છતાં પૂર્ણતા પ્રમેયની \emph{સાબિતી} વાપરીને તેને સીધો",available,gu-interpolation.pdf,161,SyncTeX forward query at build/interpolation-body.tex:13640; target mapping method: exact adjacent source-correction disclosure marker. Printed page was not inferred.
OLCO-002,source_correction,normal,false,plural suffix after denumerable,explicit singular head noun,OLCO-002-O001,OLP-0127,OLP-0127:B0009,upstream/content/first-order-logic/completeness/introduction.tex,70,70,3457,3510,  !!{denumerable}s model.  (This result is called the,gu/content/first-order-logic/completeness/introduction.tex,65,65,6756,6871,  !!{sentence}sના દરેક સંતોષ્ય ગણને સાન્ત અથવા !!a{denumerable},available,gu-interpolation.pdf,161,SyncTeX forward query at build/interpolation-body.tex:13648; target mapping method: exact adjacent source-correction disclosure marker. Printed page was not inferred.
OLCO-003,source_correction,normal,false,atomic sentence restriction,all sentences,OLCO-003-O001,OLP-0128,OLP-0128:B0010,upstream/content/first-order-logic/completeness/outline.tex,68,68,3270,3340,"(b)~make sure that for every possible atomic !!{sentence}~$!A$, either",gu/content/first-order-logic/completeness/outline.tex,63,63,5398,5525,જેથી (a)~મળતો ગણ સુસંગત રહે; (b)~દરેક શક્ય !!{sentence}~$!A$ માટે,available,gu-interpolation.pdf,162,SyncTeX forward query at build/interpolation-body.tex:13719; target mapping method: exact adjacent source-correction disclosure marker. Printed page was not inferred.
OLCO-004,source_correction,normal,false,singular sentence,plural sentences,OLCO-004-O001,OLP-0128,OLP-0128:B0010,upstream/content/first-order-logic/completeness/outline.tex,76,76,3838,3892,"in~$\Gamma^*$, and hence also all sentence in~$\Gamma$",gu/content/first-order-logic/completeness/outline.tex,72,72,6626,6773,"~$\Gamma$નાં બધાં વાક્યોને પણ સંતોષશે. ખરેખર, (a) અને~(b)ની ખાતરી જ",available,gu-interpolation.pdf,162,SyncTeX forward query at build/interpolation-body.tex:13724; target mapping method: exact adjacent source-correction disclosure marker. Printed page was not inferred.
OLCO-005,source_correction,normal,false,\Gamma,\Gamma^*,OLCO-005-O001,OLP-0128,OLP-0128:B0014,upstream/content/first-order-logic/completeness/outline.tex,126,126,6708,6772,that it contains all those terms which the sentences in~$\Gamma$,gu/content/first-order-logic/completeness/outline.tex,124,124,12773,12925,"બદલે, પદોના ગણો વાપરીએ; દરેક ગણ એવો હોય કે~$\Gamma^*$નાં વાક્યો જે",available,gu-interpolation.pdf,162,SyncTeX forward query at build/interpolation-body.tex:13774; target mapping method: exact adjacent source-correction disclosure marker. Printed page was not inferred.
OLCO-006,source_correction,normal,false,!A_n,!A_n(x_n),OLCO-006-O001,OLP-0130,OLP-0130:B0017,upstream/content/first-order-logic/completeness/henkin-expansions.tex,141,141,5227,5269,{$\lforall[x_n][\lnot !A_n]$ is defined as,gu/content/first-order-logic/completeness/henkin-expansions.tex,139,139,7866,7905,{$\lforall[x_n][\lnot !A_n(x_n)]$ને,available,gu-interpolation.pdf,165,SyncTeX forward query at build/interpolation-body.tex:14073; target mapping method: exact adjacent source-correction disclosure marker. Printed page was not inferred.
OLCO-007,source_correction,normal,false,prvAll gate,prvEx gate,OLCO-007-O001,OLP-0130,OLP-0130:B0018,upstream/content/first-order-logic/completeness/henkin-expansions.tex,153,153,5731,5803,"  instances}{}\iftag{defAll,defEx}{}{ and }\iftag{prvAll}{it contains an",gu/content/first-order-logic/completeness/henkin-expansions.tex,157,157,9295,9425,  અને }\iftag{prvEx}{તેમાં અસ્તિત્વવાચક રીતે પરિમાણિત !!{sentence},available,gu-interpolation.pdf,165,SyncTeX forward query at build/interpolation-body.tex:14089; target mapping method: exact adjacent source-correction disclosure marker. Printed page was not inferred.
OLCO-008,source_correction,normal,false,unconditional maximum selection,empty-case split before maximum selection,OLCO-008-O001,OLP-0131,OLP-0131:B0011,upstream/content/first-order-logic/completeness/lindenbaums-lemma.tex,78,78,3206,3272,in~$\Gamma_i$ for some~$i$. Let $n$ be the largest of these. Since,gu/content/first-order-logic/completeness/lindenbaums-lemma.tex,75,75,4986,5101,"કોઈ સાન્ત $\Gamma'\subseteq\Gamma^*$ લો. જો~$\Gamma'$ ખાલી હોય, તો તે",available,gu-interpolation.pdf,167,SyncTeX forward query at build/interpolation-body.tex:14214; target mapping method: exact adjacent source-correction disclosure marker. Printed page was not inferred.
OLCO-009,source_correction,normal,false,terms,closed terms,OLCO-009-O001,OLP-0132,OLP-0132:B0022,upstream/content/first-order-logic/completeness/construction-of-model.tex,243,243,9904,9954,      $\Sat{M(\Gamma^*)}{!B(t)}$ for all terms~$t$,gu/content/first-order-logic/completeness/construction-of-model.tex,22,22,1061,1199,  નિયુક્ત કરીએ અને વધુ સામાન્ય રીતે દરેક બંધ પદ~$t$ માટે,available,gu-interpolation.pdf,169,SyncTeX forward query at build/interpolation-body.tex:14464; target mapping method: exact adjacent source-correction disclosure marker. Printed page was not inferred.
OLCO-010,source_correction,normal,false,\lforall[x][!A(x)],\lforall[x][!B(x)],OLCO-010-O001,OLP-0132,OLP-0132:B0022,upstream/content/first-order-logic/completeness/construction-of-model.tex,247,247,10159,10208,      iff $\lforall[x][!A(x)] \in \Gamma^*$.}}}{},gu/content/first-order-logic/completeness/construction-of-model.tex,257,257,15668,15734,      માત્ર જો $\lforall[x][!B(x)]\in\Gamma^*$.}}}{},available,gu-interpolation.pdf,169,SyncTeX forward query at build/interpolation-body.tex:14472; target mapping method: exact adjacent source-correction disclosure marker. Printed page was not inferred.
OLCO-011,source_correction,normal,false,extra comma,none,OLCO-011-O001,OLP-0133,OLP-0133:B0008,upstream/content/first-order-logic/completeness/identity.tex,69,69,2478,2581,"\eq[\Atom{f}{t_1,\dots,t_{i-1},t,t_{i+1},,\dots,t_n}][\Atom{f}{t_1,\dots,t_{i-1},t',t_{i+1},\dots,t_n}]",gu/content/first-order-logic/completeness/identity.tex,44,44,2433,2488,"\Atom{f}{t_1,\dots,t_{i-1},t,t_{i+1},\dots,t_n} \approx",available,gu-interpolation.pdf,170,SyncTeX forward query at build/interpolation-body.tex:14557; target mapping method: exact adjacent source-correction disclosure marker. Printed page was not inferred.
OLCO-012,source_correction,normal,false,\Sat/{M}{\Atom{R}{t}},\Sat/{M}{\Atom{R}{t'}},OLCO-012-O001,OLP-0133,OLP-0133:B0012,upstream/content/first-order-logic/completeness/identity.tex,126,126,4991,5054,"t'$, $\Sat/{M}{\Atom{R}{t}}$, then the definition would require",gu/content/first-order-logic/completeness/identity.tex,129,129,7314,7384,"$\Sat/{M}{\Atom{R}{t'}}$, તો વ્યાખ્યા મુજબ",available,gu-interpolation.pdf,171,SyncTeX forward query at build/interpolation-body.tex:14614; target mapping method: exact adjacent source-correction disclosure marker. Printed page was not inferred.
OLCO-013,source_correction,normal,false,quotient definition as sole justification,value lemma plus identity definition,OLCO-013-O001,OLP-0133,OLP-0133:B0019,upstream/content/first-order-logic/completeness/identity.tex,187,187,7010,7073,\text{ (by definition of $\Struct{\equivclass{M}{\approx}}$)}\\,gu/content/first-order-logic/completeness/identity.tex,196,196,10713,10844,\text{ (\olref{lem:val-in-termmodel-factored} અને તાદાત્મ્યની વ્યાખ્યા મુજબ)}\\,available,gu-interpolation.pdf,171,SyncTeX forward query at build/interpolation-body.tex:14680; target mapping method: exact adjacent source-correction disclosure marker. Printed page was not inferred.
OLCO-014,source_correction,normal,false,Gamma and A both typed as sentences,Gamma a sentence set; A a sentence,OLCO-014-O001,OLP-0135,OLP-0135:B0008,upstream/content/first-order-logic/completeness/compactness.tex,35,35,1319,1374,The following hold for any sentences $\Gamma$ and $!A$:,gu/content/first-order-logic/completeness/compactness.tex,33,33,2179,2307,!!{sentence}sના કોઈ પણ ગણ~$\Gamma$ અને વાક્ય~$!A$ માટે નીચેના દાવા,available,gu-interpolation.pdf,173,SyncTeX forward query at build/interpolation-body.tex:14817; target mapping method: exact adjacent source-correction disclosure marker. Printed page was not inferred.
OLCO-015,source_correction,normal,false,models \Sat{M}{\Gamma\cup\Delta},a structure \Struct{N} with \Sat{N}{\Gamma\cup\Delta},OLCO-015-O001,OLP-0135,OLP-0135:B0013,upstream/content/first-order-logic/completeness/compactness.tex,118,118,4914,4980,models~$\Sat{M}{\Gamma \cup \Delta}$. Every such $\Struct{M}$ is a,gu/content/first-order-logic/completeness/compactness.tex,119,119,7801,7865,તેથી એવી !!{structure}s~$\Struct{N}$ છે કે,available,gu-interpolation.pdf,173,SyncTeX forward query at build/interpolation-body.tex:14882; target mapping method: exact adjacent source-correction disclosure marker. Printed page was not inferred.
OLCO-016,source_correction,normal,false,malformed universal phrase,explicit universal scope over members of Delta-zero,OLCO-016-O001,OLP-0135,OLP-0135:B0014,upstream/content/first-order-logic/completeness/compactness.tex,145,145,6346,6412,subset~$\Delta_0$ of~$\Delta$ there is a~$K$ such that for all the,gu/content/first-order-logic/completeness/compactness.tex,152,152,10964,11075,~$\Delta_0$ માટે એવું~$K$ હોય છે કે~$\Delta_0$માં આવતાં બધા,available,gu-interpolation.pdf,174,SyncTeX forward query at build/interpolation-body.tex:14920; target mapping method: exact adjacent source-correction disclosure marker. Printed page was not inferred.
OLCO-017,source_correction,normal,false,unconditional maximum selection,empty-case split before maximum selection,OLCO-017-O001,OLP-0135,OLP-0135:B0017,upstream/content/first-order-logic/completeness/compactness.tex,190,190,8421,8492,\subseteq \Lambda$. Let $n$ be the largest number such that $!A_{\ge n},gu/content/first-order-logic/completeness/compactness.tex,199,199,14937,15022,જ્યાં $\Delta'\subseteq\Delta$ અને $\Lambda'\subseteq\Lambda$. જો,available,gu-interpolation.pdf,174,SyncTeX forward query at build/interpolation-body.tex:14967; target mapping method: exact adjacent source-correction disclosure marker. Printed page was not inferred.
OLCO-018,source_correction,normal,false,claim that two citation substitutions suffice,finite-satisfiability replacements in three direct-consistency cases,OLCO-018-O001,OLP-0136,OLP-0136:B0022,upstream/content/first-order-logic/completeness/compactness-direct.tex,139,139,4680,4749,The proof of the Truth Lemma (\olref[mod]{lem:truth}) goes through if,gu/content/first-order-logic/completeness/compactness-direct.tex,144,144,7873,7934,બદલીએ. જ્યાં મૂળ સાબિતી,available,gu-interpolation.pdf,175,SyncTeX forward query at build/interpolation-body.tex:15112; target mapping method: exact adjacent source-correction disclosure marker. Printed page was not inferred.
OLCO-019,source_correction,normal,false,identity case omitted,quotient term model and identity Truth Lemma adaptation,OLCO-019-O001,OLP-0136,OLP-0136:B0006,upstream/content/first-order-logic/completeness/compactness-direct.tex,22,22,707,777,  model~$\Struct{M(\Gamma^*)}$}{!!{valuation}~$\pAssign{v(\Gamma^*)}$},gu/content/first-order-logic/completeness/compactness-direct.tex,152,152,8610,8670,"\iftag{FOL}{જો~$\Gamma$માં~$\eq$ આવે, તો",available,gu-interpolation.pdf,175,SyncTeX forward query at build/interpolation-body.tex:15118; target mapping method: exact adjacent source-correction disclosure marker. Printed page was not inferred.
OLCO-020,source_correction,normal,false,terms of \Lang L,terms of \Lang L',OLCO-020-O001,OLP-0137,OLP-0137:B0007,upstream/content/first-order-logic/completeness/downward-ls.tex,29,29,993,1061,is no larger than the set of the terms of the language~$\Lang L$. So,gu/content/first-order-logic/completeness/downward-ls.tex,27,27,1604,1726,!!{structure}~$\Struct M$નું વ્યાપકક્ષેત્ર~$\Domain{M}$ વિસ્તૃત ભાષા,available,gu-interpolation.pdf,176,SyncTeX forward query at build/interpolation-body.tex:15166; target mapping method: exact adjacent source-correction disclosure marker. Printed page was not inferred.
OLCO-021,source_correction,normal,false,missing false-branch argument,empty third argument {},OLCO-021-O001,OLP-0132,OLP-0132:B0008,upstream/content/first-order-logic/completeness/construction-of-model.tex,75,75,2665,2678,\iftag{FOL}{%,gu/content/first-order-logic/completeness/construction-of-model.tex,95,95,5373,5384,\end{proof},available,gu-interpolation.pdf,168,SyncTeX forward query at build/interpolation-body.tex:14300; target mapping method: exact adjacent source-correction disclosure marker. Printed page was not inferred.
OLCO-022,source_correction,normal,false,missing false-branch argument,empty third argument {},OLCO-022-O001,OLP-0136,OLP-0136:B0022,upstream/content/first-order-logic/completeness/compactness-direct.tex,140,140,4750,4812,we replace references to \olref[ccs]{prop:ccs}\iftag{FOL}{ and,gu/content/first-order-logic/completeness/compactness-direct.tex,143,143,7776,7872,\olref{prop:fsat-ccs} અને \olref{prop:fsat-instances}ના સંદર્ભોથી}{},available,gu-interpolation.pdf,175,SyncTeX forward query at build/interpolation-body.tex:15125; target mapping method: exact adjacent source-correction disclosure marker. Printed page was not inferred.
OLFINT-001,source_correction,normal,false,"\lforall[x][(!A(x) \lif !B(x)), \lexists[x][!A(x)] \Entails \lexists[x][!B(x)]]","\lforall[x][(!A(x) \lif !B(x))], \lexists[x][!A(x)] \Entails \lexists[x][!B(x)]",OLFINT-001-O001,OLP-0140,OLP-0140:B0007,upstream/content/first-order-logic/introduction/first-order-logic.tex,51,51,2463,2521,"precision, whether, e.g., $\lforall[x][(!A(x) \lif !B(x)),",gu/content/first-order-logic/introduction/first-order-logic.tex,50,50,5104,5137,"$\lforall[x][(!A(x) \lif !B(x))],",available,gu-interpolation.pdf,177,SyncTeX forward query at build/interpolation-body.tex:15324; target mapping method: exact adjacent source-correction disclosure marker. Printed page was not inferred.
OLFINT-002,source_correction,normal,false,one missing and one extra quantifier-closing bracket,well-formed universal premise and existential conclusion,OLFINT-002-O001,OLP-0140,OLP-0140:B0008,upstream/content/first-order-logic/introduction/first-order-logic.tex,69,69,3594,3654,!!{derivation} in which $\lforall[x][(!A(x) \lif !B(x))$ and,gu/content/first-order-logic/introduction/first-order-logic.tex,73,73,8211,8306,$\lforall[x][(!A(x) \lif !B(x))]$ અને $\lexists[x][!A(x)]$ આધારવિધાનો,available,gu-interpolation.pdf,178,SyncTeX forward query at build/interpolation-body.tex:15344; target mapping method: exact adjacent source-correction disclosure marker. Printed page was not inferred.
OLFINT-003,source_correction,normal,false,malformed universal premise and existential conclusion,separately closed universal premise and existential conclusion,OLFINT-003-O001,OLP-0140,OLP-0140:B0009,upstream/content/first-order-logic/introduction/first-order-logic.tex,82,82,4382,4452,"$\lexists[x][!A(x)]$ is possible, if, and only if, $\lforall[x][(!A(x)",gu/content/first-order-logic/introduction/first-order-logic.tex,73,73,8211,8306,$\lforall[x][(!A(x) \lif !B(x))]$ અને $\lexists[x][!A(x)]$ આધારવિધાનો,available,gu-interpolation.pdf,178,SyncTeX forward query at build/interpolation-body.tex:15361; target mapping method: exact adjacent source-correction disclosure marker. Printed page was not inferred.
OLFINT-004,source_correction,normal,false,constants,predicates,OLFINT-004-O001,OLP-0143,OLP-0143:B0006,upstream/content/first-order-logic/introduction/satisfaction.tex,24,24,966,1036,"and !!{constant}s, the !!{constant}s can have more than one place, and",gu/content/first-order-logic/introduction/satisfaction.tex,25,25,1614,1746,!!{predicate}s એક કરતાં વધુ સ્થાનોવાળાં હોઈ શકે અને !!{function}s પણ,available,gu-interpolation.pdf,180,SyncTeX forward query at build/interpolation-body.tex:15514; target mapping method: exact adjacent source-correction disclosure marker. Printed page was not inferred.
OLFINT-005,source_correction,normal,false,"[1, 2, 3]","[0, 1, 2]",OLFINT-005-O001,OLP-0143,OLP-0143:B0008,upstream/content/first-order-logic/introduction/satisfaction.tex,62,62,3016,3085,"!!{variable}s to !!{element}s of~$\Domain{M}$ (in our example, to one",gu/content/first-order-logic/introduction/satisfaction.tex,67,67,5945,6080,"!!{element}s સાથે જોડે (આપણા દાખલામાં $0$, $1$ અથવા~$2$માંથી કોઈ એક",available,gu-interpolation.pdf,180,SyncTeX forward query at build/interpolation-body.tex:15560; target mapping method: exact adjacent source-correction disclosure marker. Printed page was not inferred.
OLFINT-006,source_correction,normal,false,\lforall[\Obj v_0][\Atom{\Obj P}]{\Obj v_0},\lforall[\Obj v_0][\Atom{\Obj P}{\Obj v_0}],OLFINT-006-O001,OLP-0146,OLP-0146:B0006,upstream/content/first-order-logic/introduction/substitution.tex,16,16,423,480,us !!{derive} $\Atom{\Obj P}{\Obj a}$ from $\lforall[\Obj,gu/content/first-order-logic/introduction/substitution.tex,16,16,669,729,$\lforall[\Obj v_0][\Atom{\Obj P}{\Obj v_0}]$માંથી,available,gu-interpolation.pdf,182,SyncTeX forward query at build/interpolation-body.tex:15727; target mapping method: exact adjacent source-correction disclosure marker. Printed page was not inferred.
OLSYN-001,source_correction,normal,false,\iftag{defTrue}{\ycomma !!{truth}~$\ltrue$}}{}.,\iftag{defTrue}{\ycomma !!{truth}~$\ltrue$}{}. followed by the outer }{},OLSYN-001-O001,OLP-0151,OLP-0151:B0015,upstream/content/first-order-logic/syntax-and-semantics/first-order-languages.tex,104,104,4048,4097,  \iftag{defTrue}{\ycomma !!{truth}~$\ltrue$}}{}.,gu/content/first-order-logic/syntax-and-semantics/first-order-languages.tex,103,103,6339,6387,  \iftag{defTrue}{\ycomma !!{truth}~$\ltrue$}{}.,available,gu-interpolation.pdf,185,SyncTeX forward query at build/interpolation-body.tex:16010; target mapping method: exact adjacent source-correction disclosure marker. Printed page was not inferred.
OLSYN-002,source_correction,normal,false,\lnot !A \lor !B),\lnot !A \lor !B,OLSYN-002-O001,OLP-0152,OLP-0152:B0032,upstream/content/first-order-logic/syntax-and-semantics/terms-formulas.tex,148,148,5261,5330,  \iftag{prvOr}{$\lnot !A \lor !B)$}{$\lnot (!A \land \lnot !B)$}.}{},gu/content/first-order-logic/syntax-and-semantics/terms-formulas.tex,143,143,8369,8442,  \iftag{prvOr}{$\lnot !A \lor !B$}{$\lnot (!A \land \lnot !B)$}નું,available,gu-interpolation.pdf,187,SyncTeX forward query at build/interpolation-body.tex:16173; target mapping method: exact adjacent source-correction disclosure marker. Printed page was not inferred.
OLSYN-003,source_correction,normal,false,"[""$(!A \\land !B$)"", ""$(!A \\lor !B$)"", ""$(!A \\lif !B$)""]","[""$(!A \\land !B)$"", ""$(!A \\lor !B)$"", ""$(!A \\lif !B)$""]",OLSYN-003-O001,OLP-0154,OLP-0154:B0018,upstream/content/first-order-logic/syntax-and-semantics/main-operator.tex,90,90,3210,3252,$\land$ & conjunction & $(!A \land !B$) \\,gu/content/first-order-logic/syntax-and-semantics/main-operator.tex,95,95,5409,5458,$\land$ & સંયોજન & $(!A \land !B)$ \\,available,gu-interpolation.pdf,191,SyncTeX forward query at build/interpolation-body.tex:16534; target mapping method: exact adjacent source-correction disclosure marker. Printed page was not inferred.
OLSYN-004,source_correction,normal,false,"m_0,\dotsc,m_k and f(t_{m_0},\dotsc,t_{m_k})","m_1,\dotsc,m_k and f(t_{m_1},\dotsc,t_{m_k})",OLSYN-004-O001,OLP-0156,OLP-0156:B0009,upstream/content/first-order-logic/syntax-and-semantics/formation-sequences.tex,46,46,1682,1752,"$m_0,\dotsc,m_k < i$ such that $t_i \ident f(t_{m_0},\dotsc,t_{m_k})$.",gu/content/first-order-logic/syntax-and-semantics/formation-sequences.tex,44,44,3103,3140,"$m_1,\dotsc,m_k < i$ હોય કે",available,gu-interpolation.pdf,192,SyncTeX forward query at build/interpolation-body.tex:16685; target mapping method: exact adjacent source-correction disclosure marker. Printed page was not inferred.
OLSYN-005,source_correction,normal,false,"[""!A_n \\in \\Frm[L_0]"", ""!A_j,!A_k \\in \\Frm[L_0]""]","[""!A_n \\in \\Frm[L]"", ""!A_j,!A_k \\in \\Frm[L]""]",OLSYN-005-O001,OLP-0156,OLP-0156:B0021,upstream/content/first-order-logic/syntax-and-semantics/formation-sequences.tex,199,199,7507,7549,$!A_n \in \Frm[L_0]$. Suppose instead that,gu/content/first-order-logic/syntax-and-semantics/formation-sequences.tex,201,201,12194,12259,$!A_n \in \Frm[L]$. તેના બદલે ધારો કે,available,gu-interpolation.pdf,194,SyncTeX forward query at build/interpolation-body.tex:16847; target mapping method: exact adjacent source-correction disclosure marker. Printed page was not inferred.
OLSYN-006,source_correction,normal,false,\equiv,\ident,OLSYN-006-O001,OLP-0156,OLP-0156:B0021,upstream/content/first-order-logic/syntax-and-semantics/formation-sequences.tex,200,200,7550,7584,$!A \equiv (!A_j \land !A_k)$. By ,gu/content/first-order-logic/syntax-and-semantics/formation-sequences.tex,193,193,11724,11779,    \tagitem{prvAnd}{$!A \ident (!A_j \land !A_k)$.}{}%,available,gu-interpolation.pdf,195,SyncTeX forward query at build/interpolation-body.tex:16851; target mapping method: exact adjacent source-correction disclosure marker. Printed page was not inferred.
OLSYN-007,source_correction,normal,false,two-argument use of the three-argument iftag macro,explicit empty false branch,OLSYN-007-O001,OLP-0154,OLP-0154:B0017,upstream/content/first-order-logic/syntax-and-semantics/main-operator.tex,77,77,2867,2920,they therefore do not have to be treated separately.},gu/content/first-order-logic/syntax-and-semantics/main-operator.tex,78,78,4449,4595,સાબિતીઓમાં તેમને અલગથી ધ્યાનમાં લેવાની જરૂર પડતી નથી.}{},available,gu-interpolation.pdf,191,SyncTeX forward query at build/interpolation-body.tex:16508; target mapping method: exact adjacent source-correction disclosure marker. Printed page was not inferred.
OLSEM-001,source_correction,normal,false,single-two place relation,single two-place relation,OLSEM-001-O001,OLP-0161,OLP-0161:B0011,upstream/content/first-order-logic/syntax-and-semantics/structures.tex,77,77,3360,3429,"just a set and a single-two place relation. So technically, e.g., the",gu/content/first-order-logic/syntax-and-semantics/structures.tex,77,77,5377,5517,ગણસિદ્ધાંતની ભાષા~$\Lang L_Z$ માટેની સંરચના~$\Struct M$ને માત્ર એક,available,gu-interpolation.pdf,199,SyncTeX forward query at build/interpolation-body.tex:17271; target mapping method: exact adjacent source-correction disclosure marker. Printed page was not inferred.
OLSEM-002,source_correction,normal,false,"existential branch without Sat(M,B(m))","existential branch with Sat(M,B(m))",OLSEM-002-O001,OLP-0163,OLP-0163:B0027,upstream/content/first-order-logic/syntax-and-semantics/satisfaction.tex,172,172,6986,7042,in~$\Struct M$ iff \iftag{prvEx}{for at least one $m \in,gu/content/first-order-logic/syntax-and-semantics/satisfaction.tex,173,173,11728,11809,\iftag{prvEx}{ઓછામાં ઓછા એક $m \in \Domain{M}$ માટે,available,gu-interpolation.pdf,202,SyncTeX forward query at build/interpolation-body.tex:17540; target mapping method: exact adjacent source-correction disclosure marker. Printed page was not inferred.
OLSEM-003,source_correction,normal,false,\Assign{R}{M}[s],\Assign{R}{M},OLSEM-003-O001,OLP-0163,OLP-0163:B0030,upstream/content/first-order-logic/syntax-and-semantics/satisfaction.tex,213,213,8891,8964,"$\Sat/{M}{R(x, f(a,b))}[s]$ since $\tuple{1, 3} \notin \Assign{R}{M}[s]$.",gu/content/first-order-logic/syntax-and-semantics/satisfaction.tex,221,221,15072,15123,"$\tuple{1,3}\notin\Assign{R}{M}$ હોવાથી",available,gu-interpolation.pdf,202,SyncTeX forward query at build/interpolation-body.tex:17584; target mapping method: exact adjacent source-correction disclosure marker. Printed page was not inferred.
OLSEM-004,source_correction,normal,false,"\lnot((R(b,x) \lor R(x,b))","\lnot(R(b,x) \lor R(x,b))",OLSEM-004-O001,OLP-0163,OLP-0163:B0035,upstream/content/first-order-logic/syntax-and-semantics/satisfaction.tex,288,288,12108,12169,"  $\Sat/{M}{\lforall[x][\lnot((R(b,x) \lor R(x,b))]}[s]$, and",gu/content/first-order-logic/syntax-and-semantics/satisfaction.tex,302,302,20459,20529,"  $\Sat/{M}{\lnot(R(b,x) \lor R(x,b))}[\Subst{s}{1}{x}]$, એટલે",available,gu-interpolation.pdf,204,SyncTeX forward query at build/interpolation-body.tex:17740; target mapping method: exact adjacent source-correction disclosure marker. Printed page was not inferred.
OLSEM-005,source_correction,normal,false,"\lexists[x][(R(b,x) \land R(x,b))],","\lexists[x][(R(b,x) \land R(x,b))]",OLSEM-005-O001,OLP-0163,OLP-0163:B0035,upstream/content/first-order-logic/syntax-and-semantics/satisfaction.tex,292,292,12268,12319,"  \Sat/{M}{\lexists[x][(R(b,x) \land R(x,b))],}[s].",gu/content/first-order-logic/syntax-and-semantics/satisfaction.tex,311,311,21170,21220,"  \Sat/{M}{\lexists[x][(R(b,x) \land R(x,b))]}[s].",available,gu-interpolation.pdf,204,SyncTeX forward query at build/interpolation-body.tex:17744; target mapping method: exact adjacent source-correction disclosure marker. Printed page was not inferred.
OLSEM-006,source_correction,normal,false,"R(a,x)","R(x,a)",OLSEM-006-O001,OLP-0163,OLP-0163:B0036,upstream/content/first-order-logic/syntax-and-semantics/satisfaction.tex,309,309,13019,13083,"  $\Sat/{M}{R(a,x)}[\Subst{s}{m}{x}]$ for $m = 2$, $3$, or~$4$).",gu/content/first-order-logic/syntax-and-semantics/satisfaction.tex,284,284,19508,19597,"  $m=2$, $3$ અને~$4$ માટે $\Sat/{M}{R(x,a)}[\Subst{s}{m}{x}]$, એટલે",available,gu-interpolation.pdf,204,SyncTeX forward query at build/interpolation-body.tex:17747; target mapping method: exact adjacent source-correction disclosure marker. Printed page was not inferred.
OLSEM-007,source_correction,normal,false,$ = 2$,$m = 2$,OLSEM-007-O001,OLP-0163,OLP-0163:B0037,upstream/content/first-order-logic/syntax-and-semantics/satisfaction.tex,331,331,13962,14026,"and $ = 2$. Does $\Sat{M}{\lexists[y][R(x,y)]}[\Subst{s}{1}{x}]$",gu/content/first-order-logic/syntax-and-semantics/satisfaction.tex,358,358,24404,24546,ચિંતા કરવી પડે એવા રસપ્રદ કિસ્સા માત્ર $m=1$ અને $m=2$ છે. શું,available,gu-interpolation.pdf,203,SyncTeX forward query at build/interpolation-body.tex:17671; target mapping method: exact adjacent source-correction disclosure marker. Printed page was not inferred.
OLSEM-008,source_correction,normal,false,for all n in Domain M,for all m in Domain M,OLSEM-008-O001,OLP-0163,OLP-0163:B0039,upstream/content/first-order-logic/syntax-and-semantics/satisfaction.tex,347,347,14824,14861,"So, for all $n \in \Domain M$, either",gu/content/first-order-logic/syntax-and-semantics/satisfaction.tex,379,379,26004,26078,"તેથી, દરેક $m \in \Domain M$ માટે કાં તો",available,gu-interpolation.pdf,204,SyncTeX forward query at build/interpolation-body.tex:17691; target mapping method: exact adjacent source-correction disclosure marker. Printed page was not inferred.
OLSEM-009,source_correction,normal,false,tuple beginning t_i,tuple beginning t_1,OLSEM-009-O001,OLP-0164,OLP-0164:B0014,upstream/content/first-order-logic/syntax-and-semantics/assignments.tex,91,91,3629,3698,"    $\langle \Value{t_i}{M}[s_2], \ldots, \Value{t_k}{M}[s_2] \rangle",gu/content/first-order-logic/syntax-and-semantics/assignments.tex,90,90,5385,5454,"    $\langle \Value{t_1}{M}[s_2], \ldots, \Value{t_k}{M}[s_2] \rangle",available,gu-interpolation.pdf,206,SyncTeX forward query at build/interpolation-body.tex:17838; target mapping method: exact adjacent source-correction disclosure marker. Printed page was not inferred.
OLSEM-010,source_correction,normal,false,"[""Subst(s,m,x)"", ""Subst(s,m,x)""]","[""Subst(s_1,m,x)"", ""Subst(s_2,m,x)""]",OLSEM-010-O001,OLP-0164,OLP-0164:B0022,upstream/content/first-order-logic/syntax-and-semantics/assignments.tex,181,181,7669,7735,"      arbitrary, and consider $s_1' = \Subst{s}{m}{x}$ and $s_2' =",gu/content/first-order-logic/syntax-and-semantics/assignments.tex,189,189,11822,11907,      $s_1'=\Subst{s_1}{m}{x}$ તથા $s_2'=\Subst{s_2}{m}{x}$ વિચારો.,available,gu-interpolation.pdf,207,SyncTeX forward query at build/interpolation-body.tex:17938; target mapping method: exact adjacent source-correction disclosure marker. Printed page was not inferred.
OLSEM-011,source_correction,normal,false,set of sentences Gamma Gamma,Gamma is a set of sentences,OLSEM-011-O001,OLP-0164,OLP-0164:B0029,upstream/content/first-order-logic/syntax-and-semantics/assignments.tex,241,241,10205,10264,"If $\Gamma$ is a set of !!{sentence}s~$\Gamma$, we say that",gu/content/first-order-logic/syntax-and-semantics/assignments.tex,255,255,16730,16833,"જો $\Gamma$ !!{sentence}sનો ગણ હોય, તો આપણે કહીએ છીએ કે",available,gu-interpolation.pdf,207,SyncTeX forward query at build/interpolation-body.tex:17998; target mapping method: exact adjacent source-correction disclosure marker. Printed page was not inferred.
OLMAT-001,source_correction,normal,false,\lforall[z](z \in x \liff z \in y),\lforall[z][(z \in x \liff z \in y)],OLMAT-001-O001,OLP-0170,OLP-0170:B0011,upstream/content/first-order-logic/models-theories/theories.tex,75,75,2713,2780,& \lforall[x][\lforall[y][(\lforall[z](z \in x \liff z \in y) \lif ,gu/content/first-order-logic/models-theories/theories.tex,72,72,4524,4592,& \lforall[x][\lforall[y][(\lforall[z][(z \in x \liff z \in y)] \lif,available,gu-interpolation.pdf,214,SyncTeX forward query at build/interpolation-body.tex:18659; target mapping method: exact adjacent source-correction disclosure marker. Printed page was not inferred.
OLMAT-002,source_correction,normal,false,v_2,\Obj v_2,OLMAT-002-O001,OLP-0171,OLP-0171:B0009,upstream/content/first-order-logic/models-theories/expressing-relations.tex,64,64,2716,2785,  v_3][\eq[(\Obj v_1 + {\Obj v_3}')][v_2]]$ both express the $\Obj <$,gu/content/first-order-logic/models-theories/expressing-relations.tex,65,65,4558,4632,$\lexists[\Obj v_3][\eq[(\Obj v_1 + {\Obj v_3}')][\Obj v_2]]$ બંને,available,gu-interpolation.pdf,215,SyncTeX forward query at build/interpolation-body.tex:18783; target mapping method: exact adjacent source-correction disclosure marker. Printed page was not inferred.
OLMAT-003,source_correction,normal,false,two universal scopes closed before their implication consequents,both implication consequents enclosed by their respective universal quantifiers,OLMAT-003-O001,OLP-0172,OLP-0172:B0011,upstream/content/first-order-logic/models-theories/set-theory.tex,121,121,5797,5874, \lforall[u][(u \in f \lif {}] & \lexists[x][\lexists[y][(x \in X \land y \in,gu/content/first-order-logic/models-theories/set-theory.tex,118,118,10821,10848,& \lforall[u][(u \in f \lif,available,gu-interpolation.pdf,218,SyncTeX forward query at build/interpolation-body.tex:18959; target mapping method: exact adjacent source-correction disclosure marker. Printed page was not inferred.
OLMAT-004,source_correction,normal,false,premature ]] before the existential condition and no ]] after the consequent,the existential condition and equality consequent inside both universal scopes,OLMAT-004-O001,OLP-0172,OLP-0172:B0012,upstream/content/first-order-logic/models-theories/set-theory.tex,135,135,6461,6481,     X \land {}]] \\,gu/content/first-order-logic/models-theories/set-theory.tex,139,139,12509,12527,     X \land {} \\,available,gu-interpolation.pdf,218,SyncTeX forward query at build/interpolation-body.tex:18976; target mapping method: exact adjacent source-correction disclosure marker. Printed page was not inferred.
OLMAT-005,source_correction,normal,false,!A(x))]]],!A(x)))]]],OLMAT-005-O001,OLP-0172,OLP-0172:B0013,upstream/content/first-order-logic/models-theories/set-theory.tex,170,170,7996,8012,      !A(x))]]].,gu/content/first-order-logic/models-theories/set-theory.tex,177,177,15689,15706,      !A(x)))]]].,available,gu-interpolation.pdf,218,SyncTeX forward query at build/interpolation-body.tex:19012; target mapping method: exact adjacent source-correction disclosure marker. Printed page was not inferred.
OLBYD-001,source_correction,normal,false,\lforall x][(,\lforall[x][(,OLBYD-001-O001,OLP-0176,OLP-0176:B0008,upstream/content/first-order-logic/beyond/many-sorted-logic.tex,38,38,1629,1686,"\lforall[a][\lforall x][(\Atom{\Obj{MarriedTo}}{a,x} \lif",gu/content/first-order-logic/beyond/many-sorted-logic.tex,36,36,3522,3579,"\lforall[a][\lforall[x][(\Atom{\Obj{MarriedTo}}{a,x} \lif",available,gu-interpolation.pdf,221,SyncTeX forward query at build/interpolation-body.tex:19202; target mapping method: exact adjacent source-correction disclosure marker. Printed page was not inferred.
OLBYD-002,source_correction,normal,false,s(x) = s(y),x' = y',OLBYD-002-O001,OLP-0177,OLP-0177:B0011,upstream/content/first-order-logic/beyond/second-order-logic.tex,142,142,6769,6827,\item $\lforall[x][\lforall[y][(s(x) = s(y) \lif x = y)]]$,gu/content/first-order-logic/beyond/second-order-logic.tex,137,137,13586,13640,\item $\lforall[x][\lforall[y][(x' = y' \lif x = y)]]$,available,gu-interpolation.pdf,223,SyncTeX forward query at build/interpolation-body.tex:19368; target mapping method: exact adjacent source-correction disclosure marker. Printed page was not inferred.
OLBYD-006,source_correction,normal,false,!!{formula}ted,formulated,OLBYD-006-O001,OLP-0178,OLP-0178:B0007,upstream/content/first-order-logic/beyond/higher-order-logic.tex,21,21,679,746,"In practice, higher-order logic is often !!{formula}ted in terms of",gu/content/first-order-logic/beyond/higher-order-logic.tex,21,21,1437,1629,વ્યવહારમાં ઉચ્ચ-ક્રમ તર્કશાસ્ત્ર ઘણી વાર સંબંધોને બદલે વિધેયોના પદોમાં,available,gu-interpolation.pdf,224,SyncTeX forward query at build/interpolation-body.tex:19490; target mapping method: exact adjacent source-correction disclosure marker. Printed page was not inferred.
OLBYD-003,source_correction,normal,false,$\sigma$,$\tau$,OLBYD-003-O001,OLP-0178,OLP-0178:B0008,upstream/content/first-order-logic/beyond/higher-order-logic.tex,87,87,3948,4008,for any~$x$ of type~$\sigma$; so item (6) gives us a form of,gu/content/first-order-logic/beyond/higher-order-logic.tex,95,95,8689,8801,પ્રકાર~$\tau$ના કોઈ પણ~$x$ માટે; તેથી બાબત~(6) આપણને,available,gu-interpolation.pdf,226,SyncTeX forward query at build/interpolation-body.tex:19558; target mapping method: exact adjacent source-correction disclosure marker. Printed page was not inferred.
OLBYD-004,source_correction,normal,false,!!^{formula}s,!!{formula}s,OLBYD-004-O001,OLP-0178,OLP-0178:B0008,upstream/content/first-order-logic/beyond/higher-order-logic.tex,89,89,4062,4136,terms. !!^{formula}s are built up from !!{identity} statements $\eq[s][t]$,gu/content/first-order-logic/beyond/higher-order-logic.tex,103,103,9469,9586,!!{formula}s સમાન પ્રકારનાં પદો વચ્ચેના !!{identity} વિધાનો,available,gu-interpolation.pdf,226,SyncTeX forward query at build/interpolation-body.tex:19568; target mapping method: exact adjacent source-correction disclosure marker. Printed page was not inferred.
OLBYD-005,source_correction,normal,false,"[""!!{structure}ing"", ""!!{structure}""]","[""structuring"", ""structure""]",OLBYD-005-O001,OLP-0180,OLP-0180:B0009,upstream/content/first-order-logic/beyond/modal-logics.tex,54,54,2445,2513,relies on a more elaborate ontology. In addition to !!{structure}ing,gu/content/first-order-logic/beyond/modal-logics.tex,50,50,5033,5216,અર્થવિજ્ઞાન વધુ વિસ્તૃત તત્ત્વમીમાંસા પર આધાર રાખે છે. અનિવાર્યતાને,available,gu-interpolation.pdf,229,SyncTeX forward query at build/interpolation-body.tex:19854; target mapping method: exact adjacent source-correction disclosure marker. Printed page was not inferred.
OLMTB-001,source_correction,normal,false,confirmed intrusive preposition in editorial sentence,Translated the contextually clear ‘is planning’ reading and added an adjacent keyed note.,OLMTB-001-O001,OLP-0182,OLP-0182:B0005,upstream/content/model-theory/model-theory.tex,15,15,480,550,  be useful for a textbook.  Andy Arana is at planning to work on this,gu/content/model-theory/model-theory.tex,15,15,1068,1232,  એન્ડી અરાના ખાસ કરીને આ ભાગ પર કામ કરવાની યોજના બનાવી રહ્યા છે,available,gu-interpolation.pdf,231,SyncTeX forward query at build/interpolation-body.tex:19940; target mapping method: exact adjacent source-correction disclosure marker. Printed page was not inferred.
OLMTB-002,source_correction,normal,false,confirmed missing nonempty domain condition,Required N to be nonempty and added an adjacent keyed note.,OLMTB-002-O001,OLP-0185,OLP-0185:B0007,upstream/content/model-theory/basics/substructures.tex,41,41,1460,1526,"If the language contains no constant or !!{function}s, then any $N",gu/content/model-theory/basics/substructures.tex,42,42,2217,2330,"જો ભાષામાં અચળ કે !!{function}s ન હોય, તો દરેક અરિક્ત",available,gu-interpolation.pdf,232,SyncTeX forward query at build/interpolation-body.tex:20080; target mapping method: exact adjacent source-correction disclosure marker. Printed page was not inferred.
OLMTB-003,source_correction,normal,false,\\Assign{f}{M},\\Assign{f}{M'},OLMTB-003-O001,OLP-0187,OLP-0187:B0009,upstream/content/model-theory/basics/isomorphism.tex,89,89,3671,3739,  \Value{t}{M'}[h \circ s] & = \Assign{f}{M}(\Value{t_1}{M'}[h \circ,gu/content/model-theory/basics/isomorphism.tex,87,87,5495,5564,  \Value{t}{M'}[h \circ s] & = \Assign{f}{M'}(\Value{t_1}{M'}[h \circ,available,gu-interpolation.pdf,234,SyncTeX forward query at build/interpolation-body.tex:20222; target mapping method: exact adjacent source-correction disclosure marker. Printed page was not inferred.
OLMTB-004,source_correction,normal,false,) \\notag\\,)) \\notag\\,OLMTB-004-O001,OLP-0187,OLP-0187:B0009,upstream/content/model-theory/basics/isomorphism.tex,96,96,3946,4023,"    & = h(\Assign{f}{M}(\Value{t_1}{M}[s], \dots, \Value{t_n}{M}[s]) \notag\\",gu/content/model-theory/basics/isomorphism.tex,94,94,5816,5894,"    & = h(\Assign{f}{M}(\Value{t_1}{M}[s], \dots, \Value{t_n}{M}[s])) \notag\\",available,gu-interpolation.pdf,234,SyncTeX forward query at build/interpolation-body.tex:20227; target mapping method: exact adjacent source-correction disclosure marker. Printed page was not inferred.
OLMTB-005,source_correction,normal,false,"finitely many predicates and constants, and no functions","finitely many predicates, and no functions or constants",OLMTB-005-O001,OLP-0189,OLP-0189:B0016,upstream/content/model-theory/basics/partial-iso.tex,123,123,4814,4882,"  Let $\Lang{L}$ be a finite purely relational !!{language}, i.e., a",gu/content/model-theory/basics/partial-iso.tex,121,121,7648,7781,  એવી !!{language} જે સાન્ત સંખ્યામાં !!{predicate}s ધરાવે છે અને કોઈ,available,gu-interpolation.pdf,236,SyncTeX forward query at build/interpolation-body.tex:20432; target mapping method: exact adjacent source-correction disclosure marker. Printed page was not inferred.
OLMTB-006,source_correction,normal,false,confirmed collision between rank and tuple length variables,"Named the common sequence length k and indexed its variables through x_k, with an adjacent keyed note.",OLMTB-006-O001,OLP-0189,OLP-0189:B0019,upstream/content/model-theory/basics/partial-iso.tex,150,150,6012,6077,"     and  $\Struct{N}$; i.e., if $s_1(x_i) = a_i$ and $s_2(x_i) =",gu/content/model-theory/basics/partial-iso.tex,154,154,10420,10565,"     એ જ આણ્વિક !!{formula}s સંતોષે. વધુ ચોક્કસ રીતે, તેમની સામાન્ય",available,gu-interpolation.pdf,236,SyncTeX forward query at build/interpolation-body.tex:20470; target mapping method: exact adjacent source-correction disclosure marker. Printed page was not inferred.
OLMTB-007,source_correction,normal,false,the set of all such formulas is finite,a finite conjunction of equivalence-class representatives,OLMTB-007-O001,OLP-0189,OLP-0189:B0025,upstream/content/model-theory/basics/partial-iso.tex,199,199,8223,8285,"  Given $a \in \Domain M$, let $!T^a_n$ be set of !!{formula}s",gu/content/model-theory/basics/partial-iso.tex,210,210,15082,15216,"  !!{formula}s~$!B(x,\mathbf{y})$ના દરેક તાર્કિક સમકક્ષતા-વર્ગમાંથી એક",available,gu-interpolation.pdf,237,SyncTeX forward query at build/interpolation-body.tex:20529; target mapping method: exact adjacent source-correction disclosure marker. Printed page was not inferred.
OLMTB-008,source_correction,normal,false,confirmed incomplete case split in back and forth proof,"Added the empty-map and already-mapped cases before the remaining order-position cases, with an adjacent keyed note.",OLMTB-008-O001,OLP-0190,OLP-0190:B0008,upstream/content/model-theory/basics/dlo.tex,45,45,1635,1699,"  a_n$. Given $a \in \Domain{M_1}$, find $b \in \Domain{M_2}$ as",gu/content/model-theory/basics/dlo.tex,45,45,2392,2494,"  જો $n=0$, તો કોઈ પણ $b \in \Domain{M_2}$ લો. જો કોઈ~$i$ માટે",available,gu-interpolation.pdf,238,SyncTeX forward query at build/interpolation-body.tex:20601; target mapping method: exact adjacent source-correction disclosure marker. Printed page was not inferred.
OLMAR-001,source_correction,normal,false,confirmed ill typed operation arguments,"Used the actual string-domain elements a^n and a^m as the arguments of addition and multiplication, with an adjacent keyed note.",OLMAR-001-O001,OLP-0192,OLP-0192:B0005,upstream/content/model-theory/models-of-arithmetic/introduction.tex,32,32,1092,1129,"  \Assign{+}{M}(n, m) & = a^{n + m}\\",gu/content/model-theory/models-of-arithmetic/introduction.tex,32,32,1748,1789,"  \Assign{+}{M}(a^n, a^m) & = a^{n + m}\\",available,gu-interpolation.pdf,238,SyncTeX forward query at build/interpolation-body.tex:20682; target mapping method: exact adjacent source-correction disclosure marker. Printed page was not inferred.
OLMAR-002,source_correction,normal,false,confirmed omitted relation interpretation,Added the transported order relation a^n<a^m iff n<m and disclosed the addition in an adjacent keyed note.,OLMAR-002-O001,OLP-0192,OLP-0192:B0005,upstream/content/model-theory/models-of-arithmetic/introduction.tex,33,33,1130,1167,"  \Assign{\times}{M}(n, m) & = a^{nm}",gu/content/model-theory/models-of-arithmetic/introduction.tex,34,34,1834,1911,"  \Assign{<}{M} & = \Setabs{\tuple{a^n,a^m}}{n,m\in\Nat\text{ અને }n<m}",available,gu-interpolation.pdf,238,SyncTeX forward query at build/interpolation-body.tex:20687; target mapping method: exact adjacent source-correction disclosure marker. Printed page was not inferred.
OLMAR-003,source_correction,normal,false,confirmed missing bound argument,Restored x as the first proof-predicate argument and added an adjacent keyed note.,OLMAR-003-O001,OLP-0192,OLP-0192:B0007,upstream/content/model-theory/models-of-arithmetic/introduction.tex,67,67,2919,2984,"$\lexists[x][\OPrf[\Th{PA}](\gn{\lfalse})]$ true, i.e., a G\""odel",gu/content/model-theory/models-of-arithmetic/introduction.tex,69,69,5242,5313,"$\lnot\lexists[x][\OPrf[\Th{PA}](x,\gn{\lfalse})]$, વિચારો.",available,gu-interpolation.pdf,239,SyncTeX forward query at build/interpolation-body.tex:20724; target mapping method: exact adjacent source-correction disclosure marker. Printed page was not inferred.
OLMAR-004,source_correction,normal,false,domain,range,OLMAR-004-O001,OLP-0193,OLP-0193:B0018,upstream/content/model-theory/models-of-arithmetic/standard-models.tex,167,167,7601,7664,there would be some $x \in M \setminus \{z\}$ not in the domain,gu/content/model-theory/models-of-arithmetic/standard-models.tex,176,176,11679,11805,તો એવો કોઈ $x\in M\setminus\{z\}$ હોય જે $s$ના પરાસમાં ન હોય; એટલે,available,gu-interpolation.pdf,241,SyncTeX forward query at build/interpolation-body.tex:20903; target mapping method: exact adjacent source-correction disclosure marker. Printed page was not inferred.
OLMAR-005,source_correction,normal,false,confirmed empty finite fragment gap,"Chose an index larger than every one occurring and explicitly used m=0 when the index set is empty, with an adjacent keyed note.",OLMAR-005-O001,OLP-0194,OLP-0194:B0014,upstream/content/model-theory/models-of-arithmetic/non-standard-models.tex,104,104,4101,4171,"of the form~$\eq/[c][\num{n}]$, but only finitely many. Suppose $k$ is",gu/content/model-theory/models-of-arithmetic/non-standard-models.tex,106,106,6966,7093,પસંદ કરો; જો આવું એક પણ વાક્ય ન હોય તો $m=0$ લો. $\Struct{N}$ને,available,gu-interpolation.pdf,242,SyncTeX forward query at build/interpolation-body.tex:21021; target mapping method: exact adjacent source-correction disclosure marker. Printed page was not inferred.
OLMAR-006,source_correction,normal,false,confirmed unproved enumerability claim,Applied the earlier downward Löwenheim–Skolem theorem to choose an enumerable model and added an adjacent keyed note.,OLMAR-006-O001,OLP-0194,OLP-0194:B0014,upstream/content/model-theory/models-of-arithmetic/non-standard-models.tex,111,111,4558,4622,"$\Value{c}{N_k} = k+1$. Thus, every finite subset of~$\Gamma$ is",gu/content/model-theory/models-of-arithmetic/non-standard-models.tex,113,113,7666,7782,"સંતોષ્ય છે. ઉપરાંત, \olref[fol][com][dls]{thm:downward-ls} મુજબ $\Gamma$ને",available,gu-interpolation.pdf,242,SyncTeX forward query at build/interpolation-body.tex:21027; target mapping method: exact adjacent source-correction disclosure marker. Printed page was not inferred.
OLMAR-007,source_correction,normal,false,confirmed missing closing parenthesis,Closed the sum gloss before introducing multiplication and added an adjacent keyed note.,OLMAR-007-O001,OLP-0195,OLP-0195:B0006,upstream/content/model-theory/models-of-arithmetic/models-of-q.tex,55,55,1824,1894,"in~$\Struct{K}$), $x \nsplus y$ for $\Assign{+}{K}(x, y)$ (the ``sum''",gu/content/model-theory/models-of-arithmetic/models-of-q.tex,57,57,2737,2808,"($\Struct{K}$માં $x$ અને~$y$નો ``સરવાળો''),",available,gu-interpolation.pdf,243,SyncTeX forward query at build/interpolation-body.tex:21090; target mapping method: exact adjacent source-correction disclosure marker. Printed page was not inferred.
OLMAR-008,source_correction,normal,false,y=b,y=a,OLMAR-008-O001,OLP-0195,OLP-0195:B0008,upstream/content/model-theory/models-of-arithmetic/models-of-q.tex,105,105,3643,3672,  n$ is standard or $y = b$:},gu/content/model-theory/models-of-arithmetic/models-of-q.tex,111,111,5502,5660,  અહીં પણ $y=n$ પ્રમાણભૂત છે કે $y=a$ છે તે પ્રમાણે કિસ્સા પાડવા પડે:},available,gu-interpolation.pdf,243,SyncTeX forward query at build/interpolation-body.tex:21143; target mapping method: exact adjacent source-correction disclosure marker. Printed page was not inferred.
OLMAR-009,source_correction,normal,false,y,a,OLMAR-009-O001,OLP-0195,OLP-0195:B0011,upstream/content/model-theory/models-of-arithmetic/models-of-q.tex,166,166,6069,6134,&  b \nsplus a^\nssucc  = b = b^\nssucc = (b \nsplus y)^\nssucc\\,gu/content/model-theory/models-of-arithmetic/models-of-q.tex,177,177,9513,9568,& b\nsplus a^\nssucc=b=b^\nssucc=(b\nsplus a)^\nssucc\\,available,gu-interpolation.pdf,244,SyncTeX forward query at build/interpolation-body.tex:21211; target mapping method: exact adjacent source-correction disclosure marker. Printed page was not inferred.
OLMAR-010,source_correction,normal,false,one ) and one ],Balanced the formula delimiters and added an adjacent keyed note.,OLMAR-010-O001,OLP-0196,OLP-0196:B0009,upstream/content/model-theory/models-of-arithmetic/models-of-pa.tex,56,56,2198,2268,\item $\lforall[x][\lforall[y][((x < y \lor y < x) \lor \eq[x][y]))]]$,gu/content/model-theory/models-of-arithmetic/models-of-pa.tex,58,58,3652,3721,\item $\lforall[x][\lforall[y][((x < y \lor y < x) \lor \eq[x][y])]]$,available,gu-interpolation.pdf,245,SyncTeX forward query at build/interpolation-body.tex:21305; target mapping method: exact adjacent source-correction disclosure marker. Printed page was not inferred.
OLMAR-011,source_correction,normal,false,confirmed false universal predecessor claim,"Excluded zero and restricted the later block proof to non-standard elements, with an adjacent keyed note.",OLMAR-011-O001,OLP-0196,OLP-0196:B0010,upstream/content/model-theory/models-of-arithmetic/models-of-pa.tex,64,64,2507,2567,"that property.  For any $x$, there is a unique $y$ such that",gu/content/model-theory/models-of-arithmetic/models-of-pa.tex,71,71,4655,4773,$\nsless$-લઘુતમ !!{element} છે. દરેક $x\neq\nszero$ માટે એવો એકમાત્ર,available,gu-interpolation.pdf,245,SyncTeX forward query at build/interpolation-body.tex:21319; target mapping method: exact adjacent source-correction disclosure marker. Printed page was not inferred.
OLMAR-012,source_correction,normal,false,oplus,nsplus,OLMAR-012-O001,OLP-0196,OLP-0196:B0033,upstream/content/model-theory/models-of-arithmetic/models-of-pa.tex,225,225,8618,8677,either $x \oplus y = z \oplus z$ or $x \oplus y = (z \oplus,gu/content/model-theory/models-of-arithmetic/models-of-pa.tex,239,239,14811,14847,$x\nsplus y=z\nsplus z$ અથવા,available,gu-interpolation.pdf,247,SyncTeX forward query at build/interpolation-body.tex:21487; target mapping method: exact adjacent source-correction disclosure marker. Printed page was not inferred.
OLMAR-013,source_correction,normal,false,confirmed missing countability hypothesis,"Added the needed enumerability hypothesis while preserving the following comparison of two enumerable models, with an adjacent keyed note.",OLMAR-013-O001,OLP-0196,OLP-0196:B0035,upstream/content/model-theory/models-of-arithmetic/models-of-pa.tex,239,239,9080,9150,The non-standard blocks are therefore ordered like the rationals: they,gu/content/model-theory/models-of-arithmetic/models-of-pa.tex,257,257,16050,16175,"જો $\Struct{M}$ !!{enumerable} હોય, તો તેના અપ્રમાણભૂત ખંડો સંમેય",available,gu-interpolation.pdf,247,SyncTeX forward query at build/interpolation-body.tex:21522; target mapping method: exact adjacent source-correction disclosure marker. Printed page was not inferred.
OLMAR-014,source_correction,normal,false,n,x,OLMAR-014-O001,OLP-0197,OLP-0197:B0008,upstream/content/model-theory/models-of-arithmetic/computable-models.tex,66,66,2451,2491,"  \Setabs{\tuple{x,a}}{n \in \Domain{K}}",gu/content/model-theory/models-of-arithmetic/computable-models.tex,64,64,4121,4159,"  \Setabs{\tuple{x,a}}{x\in\Domain{K}}",available,gu-interpolation.pdf,248,SyncTeX forward query at build/interpolation-body.tex:21589; target mapping method: exact adjacent source-correction disclosure marker. Printed page was not inferred.
OLMAR-015,source_correction,normal,false,g(n)=n+1,g(n)=n−1,OLMAR-015-O001,OLP-0197,OLP-0197:B0008,upstream/content/model-theory/models-of-arithmetic/computable-models.tex,70,70,2634,2703,a$ and $g(n) = n+1$ for $n>0$ is !!a{bijection}.  We can turn it into,gu/content/model-theory/models-of-arithmetic/computable-models.tex,72,72,4833,4960,"ધરાવે છે. દાખલા તરીકે, $g(0)=a$ અને $n>0$ માટે $g(n)=n-1$ ધરાવતું",available,gu-interpolation.pdf,248,SyncTeX forward query at build/interpolation-body.tex:21601; target mapping method: exact adjacent source-correction disclosure marker. Printed page was not inferred.
OLMAR-016,source_correction,normal,false,literal equality/uniqueness,standardness up to isomorphism,OLMAR-016-O001,OLP-0197,OLP-0197:B0013,upstream/content/model-theory/models-of-arithmetic/computable-models.tex,120,120,4552,4607,$\Struct{N}$ is the only computable model of~$\Th{PA}$.,gu/content/model-theory/models-of-arithmetic/computable-models.tex,126,126,8899,9024,"$\Th{PA}$નો દરેક સંગણનીય નિદર્શ પ્રમાણભૂત છે, એટલે કે",available,gu-interpolation.pdf,249,SyncTeX forward query at build/interpolation-body.tex:21651; target mapping method: exact adjacent source-correction disclosure marker. Printed page was not inferred.
OLINT-001,source_correction,normal,false,\delta,!H,OLINT-001-O001,OLP-0200,OLP-0200:B0010,upstream/content/model-theory/interpolation/separation.tex,75,75,3175,3238,\Entails \lnot \delta$. Contraposition again gives $!H \Entails,gu/content/model-theory/interpolation/separation.tex,74,74,4701,4821,તેથી $\lforall[x][!C] \Entails \lnot !H$ પણ મળે છે. ફરી પ્રતિપક્ષનથી,available,gu-interpolation.pdf,250,SyncTeX forward query at build/interpolation-body.tex:21772; target mapping method: exact adjacent source-correction disclosure marker. Printed page was not inferred.
OLINT-002,source_correction,normal,false,\lexists[x]{!S},\lexists[x][!S],OLINT-002-O001,OLP-0200,OLP-0200:B0012,upstream/content/model-theory/interpolation/separation.tex,95,95,3904,3960,time $\Gamma \cup \{\lexists[x]{!S} \}$ and $\Delta$ are,gu/content/model-theory/interpolation/separation.tex,98,98,6295,6416,\{\lexists[x][!S] \}$ અને~$\Delta$ અપૃથક્કરણીય છે. આપણે બે કિસ્સા,available,gu-interpolation.pdf,250,SyncTeX forward query at build/interpolation-body.tex:21790; target mapping method: exact adjacent source-correction disclosure marker. Printed page was not inferred.
OLINT-003,source_correction,normal,false,"[""L_1"", ""L_2""]","[""L'_1"", ""L'_2""]",OLINT-003-O001,OLP-0201,OLP-0201:B0010,upstream/content/model-theory/interpolation/interpolation-proof.tex,41,41,1506,1576,"$!A_1$, $!A_2$, \dots enumerate the !!{sentence}s of $\Lang{L}_1$, and",gu/content/model-theory/interpolation/interpolation-proof.tex,39,39,2296,2372,"$!A_0$, $!A_1$, $!A_2$,~\dots એ $\Lang{L}'_1$નાં !!{sentence}sની",available,gu-interpolation.pdf,251,SyncTeX forward query at build/interpolation-body.tex:21857; target mapping method: exact adjacent source-correction disclosure marker. Printed page was not inferred.
OLINT-004,source_correction,normal,false,confirmed witness formula omitted from inductive case equalities,"Separated admission of each existential sentence from the subsequent witness addition and explicitly applied the preservation lemma to the completed set, with an adjacent keyed note.",OLINT-004-O001,OLP-0201,OLP-0201:B0010,upstream/content/model-theory/interpolation/interpolation-proof.tex,88,88,3919,3984,$\Delta_{n+1} = \Delta_n \cup \{ !B_n \}$ then $\Gamma_{n+1}$ and,gu/content/model-theory/interpolation/interpolation-proof.tex,94,94,6786,6902,"થાય છે. હવે આગમન-પગલું લઈએ. \olref{part-a} માટે, જો $!B_n$ને",available,gu-interpolation.pdf,252,SyncTeX forward query at build/interpolation-body.tex:21920; target mapping method: exact adjacent source-correction disclosure marker. Printed page was not inferred.
OLINT-005,source_correction,normal,false,confirmed category error in compactness sentence,"Named both the separating L-prime-0 sentence and the stage containing its finite supports, with an adjacent keyed note.",OLINT-005-O001,OLP-0201,OLP-0201:B0011,upstream/content/model-theory/interpolation/interpolation-proof.tex,101,101,4718,4779,"compactness, there is $n \ge 0$ that separates $\Gamma_n$ and",gu/content/model-theory/interpolation/interpolation-proof.tex,119,119,9356,9484,નહિતર સઘનતાથી એવું $n\ge0$ અને એવું $\Lang{L}'_0$-વિધાન મળે જે,available,gu-interpolation.pdf,252,SyncTeX forward query at build/interpolation-body.tex:21935; target mapping method: exact adjacent source-correction disclosure marker. Printed page was not inferred.
OLINT-006,source_correction,normal,false,M'_2,M'_1,OLINT-006-O001,OLP-0201,OLP-0201:B0016,upstream/content/model-theory/interpolation/interpolation-proof.tex,173,173,8369,8415,"  $\Assign{P}{M} = h(\Assign{P}{M'_2})$, i.e.,",gu/content/model-theory/interpolation/interpolation-proof.tex,195,195,15625,15676,"  $\Assign{P}{M}=h(\Assign{P}{M'_1})$, એટલે",available,gu-interpolation.pdf,253,SyncTeX forward query at build/interpolation-body.tex:22016; target mapping method: exact adjacent source-correction disclosure marker. Printed page was not inferred.
OLINT-007,source_correction,normal,false,confirmed undefined expanded language satisfaction claim,"Stated the required agreement only between original-language reducts and derived preservation of A and not-B, with an adjacent keyed note.",OLINT-007-O001,OLP-0201,OLP-0201:B0017,upstream/content/model-theory/interpolation/interpolation-proof.tex,186,186,9032,9096,"$\Struct{M} \Entails \Gamma^* \cup \Delta^*$, whence $\Struct{M}",gu/content/model-theory/interpolation/interpolation-proof.tex,219,219,17551,17619,"$\Struct{M'_1}\Entails\Gamma^*$ તથા $!A\in\Gamma^*$, અને",available,gu-interpolation.pdf,253,SyncTeX forward query at build/interpolation-body.tex:22035; target mapping method: exact adjacent source-correction disclosure marker. Printed page was not inferred.
OLINT-008,source_correction,normal,false,confirmed syntactic category inconsistency,"Used sentences, matching both definitions and the proof, and added an adjacent keyed note.",OLINT-008-O001,OLP-0202,OLP-0202:B0010,upstream/content/model-theory/interpolation/definability.tex,67,67,2519,2591,  \cup\{P\}$-!!{formula}s implicitly defines $P$ if and only $\Sigma(P)$,gu/content/model-theory/interpolation/definability.tex,35,35,2582,2679,"$\Lang{L}\cup\{P\}$નાં !!{sentence}sનો ગણ~$\Sigma(P)$, $P$ને ત્યારે",available,gu-interpolation.pdf,253,SyncTeX forward query at build/interpolation-body.tex:22112; target mapping method: exact adjacent source-correction disclosure marker. Printed page was not inferred.
OLINT-009,source_correction,normal,false,confirmed missing word in biconditional,Restored the complete biconditional and added an adjacent keyed note.,OLINT-009-O001,OLP-0202,OLP-0202:B0010,upstream/content/model-theory/interpolation/definability.tex,67,67,2519,2591,  \cup\{P\}$-!!{formula}s implicitly defines $P$ if and only $\Sigma(P)$,gu/content/model-theory/interpolation/definability.tex,68,68,4439,4584,"રીતે વ્યાખ્યાયિત કરે છે જો અને માત્ર જો $\Sigma(P)$, $P$ને સ્પષ્ટ",available,gu-interpolation.pdf,254,SyncTeX forward query at build/interpolation-body.tex:22118; target mapping method: exact adjacent source-correction disclosure marker. Printed page was not inferred.
OLINT-010,source_correction,normal,false,P'c_1…c_n,"Atom(P'; c_1,…,c_n)",OLINT-010-O001,OLP-0202,OLP-0202:B0011,upstream/content/model-theory/interpolation/definability.tex,96,96,3701,3770,"!D(P') \Entails \Atom{P}{c_1, \dots, c_n} \to P'c_1\dots c_n$. We can",gu/content/model-theory/interpolation/definability.tex,107,107,7208,7260,"$!D(P)\land !D(P')\Entails\Atom{P}{c_1,\dots,c_n}\to",available,gu-interpolation.pdf,254,SyncTeX forward query at build/interpolation-body.tex:22151; target mapping method: exact adjacent source-correction disclosure marker. Printed page was not inferred.
GU-SCRIPT-001,script,low,false,English Latin-script prose,ગુજરાતી લિપિ (Unicode NFC),GU-SCRIPT-001-O001,OLP-0005,OLP-0005:B0004,upstream/content/sets-functions-relations/sets/basics.tex,12,12,202,267,"A \emph{set} is a collection of objects, considered {as} a single",gu/content/sets-functions-relations/sets/basics.tex,12,12,266,438,"\emph{ગણ} એટલે વસ્તુઓનો એવો સંગ્રહ, જેને {એક જ} વસ્તુ તરીકે ગણવામાં આવે.",available,gu-interpolation.pdf,12,SyncTeX forward query at build/interpolation-body.tex:8; target mapping method: exact assembled target line. Printed page was not inferred.
GU-REGISTER-001,register,low,false,Open Logic educational and scholarly exposition,સમકાલીન શૈક્ષણિક અને શાસ્ત્રીય ગુજરાતી,GU-REGISTER-001-O001,OLP-0005,OLP-0005:B0004,upstream/content/sets-functions-relations/sets/basics.tex,12,12,202,267,"A \emph{set} is a collection of objects, considered {as} a single",gu/content/sets-functions-relations/sets/basics.tex,12,12,266,438,"\emph{ગણ} એટલે વસ્તુઓનો એવો સંગ્રહ, જેને {એક જ} વસ્તુ તરીકે ગણવામાં આવે.",available,gu-interpolation.pdf,12,SyncTeX forward query at build/interpolation-body.tex:8; target mapping method: exact assembled target line. Printed page was not inferred.
GU-NOTATION-001,notation,low,false,"Latin and Greek variables, logical signs, and Arabic digits in formulas",આંતરરાષ્ટ્રીય ગણિતીય સંજ્ઞા; ગુજરાતી ગદ્યમાં ગુજરાતી અંકો સ્વીકાર્ય,GU-NOTATION-001-O001,OLP-0005,OLP-0005:B0004,upstream/content/sets-functions-relations/sets/basics.tex,12,12,202,267,"A \emph{set} is a collection of objects, considered {as} a single",gu/content/sets-functions-relations/sets/basics.tex,12,12,266,438,"\emph{ગણ} એટલે વસ્તુઓનો એવો સંગ્રહ, જેને {એક જ} વસ્તુ તરીકે ગણવામાં આવે.",available,gu-interpolation.pdf,12,SyncTeX forward query at build/interpolation-body.tex:8; target mapping method: exact assembled target line. Printed page was not inferred.
